date,market,close
2024-10-08,Sweden,2587.889892578125
2024-10-09,Sweden,2594.909912109375
2024-10-10,Sweden,2573.909912109375
2024-10-11,Sweden,2588.719970703125
2024-10-14,Sweden,2598.25
2024-10-15,Sweden,2577.070068359375
2024-10-16,Sweden,2580.090087890625
2024-10-17,Sweden,2585.81005859375
2024-10-18,Sweden,2594.300048828125
2024-10-21,Sweden,2576.199951171875
2024-10-22,Sweden,2571.510009765625
2024-10-23,Sweden,2581.330078125
2024-10-24,Sweden,2578.090087890625
2024-10-25,Sweden,2592.280029296875
2024-10-28,Sweden,2624.090087890625
2024-10-29,Sweden,2610.77001953125
2024-10-30,Sweden,2578.3798828125
2024-10-31,Sweden,2542.409912109375
2024-11-01,Sweden,2557.219970703125
2024-11-04,Sweden,2571.97998046875
2024-11-05,Sweden,2574.1298828125
2024-11-06,Sweden,2553.1298828125
2024-11-07,Sweden,2584.719970703125
2024-11-08,Sweden,2558.739990234375
2024-11-11,Sweden,2576.429931640625
2024-11-12,Sweden,2514.22998046875
2024-11-13,Sweden,2512.56005859375
2024-11-14,Sweden,2531.389892578125
2024-11-15,Sweden,2509.989990234375
2024-11-18,Sweden,2506.909912109375
2024-11-19,Sweden,2493.47998046875
2024-11-20,Sweden,2484.489990234375
2024-11-21,Sweden,2496.31005859375
2024-11-22,Sweden,2514.10009765625
2024-11-25,Sweden,2512.449951171875
2024-11-26,Sweden,2495.800048828125
2024-11-27,Sweden,2497.679931640625
2024-11-28,Sweden,2508.919921875
2024-11-29,Sweden,2513.85009765625
2024-12-02,Sweden,2548.1298828125
2024-12-03,Sweden,2573.699951171875
2024-12-04,Sweden,2594.3798828125
2024-12-05,Sweden,2606.080078125
2024-12-06,Sweden,2614.27001953125
2024-12-09,Sweden,2617.800048828125
2024-12-10,Sweden,2595.489990234375
2024-12-11,Sweden,2588.43994140625
2024-12-12,Sweden,2573.97998046875
2024-12-13,Sweden,2556.340087890625
2024-12-16,Sweden,2544.60009765625
2024-12-17,Sweden,2533.070068359375
2024-12-18,Sweden,2537.6298828125
2024-12-19,Sweden,2481.10009765625
2024-12-20,Sweden,2474.64990234375
2024-12-23,Sweden,2469.8701171875
2024-12-27,Sweden,2490.18994140625
2024-12-30,Sweden,2483.1201171875
2025-01-02,Sweden,2508.830078125
2025-01-03,Sweden,2511.419921875
2025-01-07,Sweden,2543.14990234375
2025-01-08,Sweden,2541.2900390625
2025-01-09,Sweden,2549.580078125
2025-01-10,Sweden,2523.72998046875
2025-01-13,Sweden,2514.81005859375
2025-01-14,Sweden,2521.219970703125
2025-01-15,Sweden,2570.830078125
2025-01-16,Sweden,2585.860107421875
2025-01-17,Sweden,2617.409912109375
2025-01-20,Sweden,2616.68994140625
2025-01-21,Sweden,2638.419921875
2025-01-22,Sweden,2647.989990234375
2025-01-23,Sweden,2672.64990234375
2025-01-24,Sweden,2669.72998046875
2025-01-27,Sweden,2646.919921875
2025-01-28,Sweden,2635.6298828125
2025-01-29,Sweden,2657.330078125
2025-01-30,Sweden,2662.31005859375
2025-01-31,Sweden,2670.5400390625
2025-02-03,Sweden,2632.639892578125
2025-02-04,Sweden,2638.4599609375
2025-02-05,Sweden,2629.110107421875
2025-02-06,Sweden,2665.75
2025-02-07,Sweden,2639.760009765625
2025-02-10,Sweden,2658.2900390625
2025-02-11,Sweden,2666.8701171875
2025-02-12,Sweden,2678.969970703125
2025-02-13,Sweden,2724.25
2025-02-14,Sweden,2716.989990234375
2025-02-17,Sweden,2743.260009765625
2025-02-18,Sweden,2757.280029296875
2025-02-19,Sweden,2710.22998046875
2025-02-20,Sweden,2725.090087890625
2025-02-21,Sweden,2724.260009765625
2025-02-24,Sweden,2713.6201171875
2025-02-25,Sweden,2724.72998046875
2025-02-26,Sweden,2762.5
2025-02-27,Sweden,2741.949951171875
2025-02-28,Sweden,2724.699951171875
2025-03-03,Sweden,2744.739990234375
2025-03-04,Sweden,2656.25
2025-03-05,Sweden,2723.989990234375
2025-03-06,Sweden,2733.02001953125
2025-03-07,Sweden,2729.2099609375
2025-03-10,Sweden,2710.52001953125
2025-03-11,Sweden,2652.669921875
2025-03-12,Sweden,2656.409912109375
2025-03-13,Sweden,2647.840087890625
2025-03-14,Sweden,2682.3798828125
2025-03-17,Sweden,2685.18994140625
2025-03-18,Sweden,2685.5
2025-03-19,Sweden,2677.93994140625
2025-03-20,Sweden,2668.760009765625
2025-03-21,Sweden,2629.360107421875
2025-03-24,Sweden,2630.760009765625
2025-03-25,Sweden,2641.3798828125
2025-03-26,Sweden,2604.030029296875
2025-03-27,Sweden,2572.81005859375
2025-03-28,Sweden,2542.669921875
2025-03-31,Sweden,2494.06005859375
2025-04-01,Sweden,2509.780029296875
2025-04-02,Sweden,2478.68994140625
2025-04-03,Sweden,2385.159912109375
2025-04-04,Sweden,2287.239990234375
2025-04-07,Sweden,2179.389892578125
2025-04-08,Sweden,2237.260009765625
2025-04-09,Sweden,2175.77001953125
2025-04-10,Sweden,2280.570068359375
2025-04-11,Sweden,2277.60009765625
2025-04-14,Sweden,2338.699951171875
2025-04-15,Sweden,2390.68994140625
2025-04-16,Sweden,2372.590087890625
2025-04-17,Sweden,2355.580078125
2025-04-22,Sweden,2364.18994140625
2025-04-23,Sweden,2392.340087890625
2025-04-24,Sweden,2398.840087890625
2025-04-25,Sweden,2426.969970703125
2025-04-28,Sweden,2428.050048828125
2025-04-29,Sweden,2411.780029296875
2025-04-30,Sweden,2434.06005859375
2025-05-02,Sweden,2462.5400390625
2025-05-05,Sweden,2464.739990234375
2025-05-06,Sweden,2428.93994140625
2025-05-07,Sweden,2431.639892578125
2025-05-08,Sweden,2449.199951171875
2025-05-09,Sweden,2448.969970703125
2025-05-12,Sweden,2525.239990234375
2025-05-13,Sweden,2528.719970703125
2025-05-14,Sweden,2517.9599609375
2025-05-15,Sweden,2542.320068359375
2025-05-16,Sweden,2544.0400390625
2025-05-19,Sweden,2548.889892578125
2025-05-20,Sweden,2563.06005859375
2025-05-21,Sweden,2547.840087890625
2025-05-22,Sweden,2501.570068359375
2025-05-23,Sweden,2479.56005859375
2025-05-26,Sweden,2510.8701171875
2025-05-27,Sweden,2517.7900390625
2025-05-28,Sweden,2510.159912109375
2025-05-30,Sweden,2496.0400390625
2025-06-02,Sweden,2481.280029296875
2025-06-03,Sweden,2487.7099609375
2025-06-04,Sweden,2510.469970703125
2025-06-05,Sweden,2521.510009765625
2025-06-09,Sweden,2512.85009765625
2025-06-10,Sweden,2512.199951171875
2025-06-11,Sweden,2499.43994140625
2025-06-12,Sweden,2481.489990234375
2025-06-13,Sweden,2459.610107421875
2025-06-16,Sweden,2485.320068359375
2025-06-17,Sweden,2461.39990234375
2025-06-18,Sweden,2458.590087890625
2025-06-19,Sweden,2447.139892578125
2025-06-23,Sweden,2424.0400390625
2025-06-24,Sweden,2452.43994140625
2025-06-25,Sweden,2444.300048828125
2025-06-26,Sweden,2450.739990234375
2025-06-27,Sweden,2506.169921875
2025-06-30,Sweden,2493.5
2025-07-01,Sweden,2491.02001953125
2025-07-02,Sweden,2522.35009765625
2025-07-03,Sweden,2529.5
2025-07-04,Sweden,2512.530029296875
2025-07-07,Sweden,2514.43994140625
2025-07-08,Sweden,2522.330078125
2025-07-09,Sweden,2536.429931640625
2025-07-10,Sweden,2580.2900390625
2025-07-11,Sweden,2545.050048828125
2025-07-14,Sweden,2532.280029296875
2025-07-15,Sweden,2532.419921875
2025-07-16,Sweden,2512.320068359375
2025-07-17,Sweden,2555.6298828125
2025-07-18,Sweden,2546.699951171875
2025-07-21,Sweden,2551.669921875
2025-07-22,Sweden,2537.35009765625
2025-07-23,Sweden,2592.550048828125
2025-07-24,Sweden,2600.219970703125
2025-07-25,Sweden,2606.320068359375
2025-07-28,Sweden,2589.489990234375
2025-07-29,Sweden,2602.919921875
2025-07-30,Sweden,2605.969970703125
2025-07-31,Sweden,2580.050048828125
2025-08-01,Sweden,2533.590087890625
2025-08-04,Sweden,2552.669921875
2025-08-05,Sweden,2562.75
2025-08-06,Sweden,2566.530029296875
2025-08-07,Sweden,2593.760009765625
2025-08-08,Sweden,2602.97998046875
2025-08-11,Sweden,2590.760009765625
2025-08-12,Sweden,2609.159912109375
2025-08-13,Sweden,2612.889892578125
2025-08-14,Sweden,2632.919921875
2025-08-15,Sweden,2640.699951171875
2025-08-18,Sweden,2625.739990234375
2025-08-19,Sweden,2659.860107421875
2025-08-20,Sweden,2655.239990234375
2025-08-21,Sweden,2646.580078125
2025-08-22,Sweden,2689.35009765625
2025-08-25,Sweden,2668.5
2025-08-26,Sweden,2656.85009765625
2025-08-27,Sweden,2645.6298828125
2025-08-28,Sweden,2643.739990234375
2025-08-29,Sweden,2625.699951171875
2025-09-01,Sweden,2630.3798828125
2025-09-02,Sweden,2577.6298828125
2025-09-03,Sweden,2597.199951171875
2025-09-04,Sweden,2607.5400390625
2025-09-05,Sweden,2626.64990234375
2025-09-08,Sweden,2640.239990234375
2025-09-09,Sweden,2632.929931640625
2025-09-10,Sweden,2629.14990234375
2025-09-11,Sweden,2635.909912109375
2025-09-12,Sweden,2635.330078125
2025-09-15,Sweden,2637.43994140625
2025-09-16,Sweden,2614.199951171875
2025-09-17,Sweden,2616.0400390625
2025-09-18,Sweden,2634.85009765625
2025-09-19,Sweden,2646.39990234375
2025-09-22,Sweden,2647.6201171875
2025-09-23,Sweden,2671.1298828125
2025-09-24,Sweden,2645.360107421875
2025-09-25,Sweden,2623.510009765625
2025-09-26,Sweden,2644.6201171875
2025-09-29,Sweden,2652.030029296875
2025-09-30,Sweden,2662.800048828125
2025-10-01,Sweden,2677.090087890625
2025-10-02,Sweden,2708.590087890625
2025-10-03,Sweden,2728.969970703125
2025-10-06,Sweden,2741.2900390625
2025-10-07,Sweden,2722.1201171875
2025-10-08,Sweden,2733.489990234375
2025-10-09,Sweden,2730.06005859375
2025-10-10,Sweden,2707.5
2025-10-13,Sweden,2709.030029296875
2025-10-14,Sweden,2721.199951171875
2025-10-15,Sweden,2738.139892578125
2025-10-16,Sweden,2741.830078125
2025-10-17,Sweden,2701.39990234375
2025-10-20,Sweden,2736.169921875
2025-10-21,Sweden,2754.25
2025-10-22,Sweden,2745.5400390625
2025-10-23,Sweden,2757.10009765625
2025-10-24,Sweden,2786.889892578125
2025-10-27,Sweden,2797.72998046875
2025-10-28,Sweden,2789.52001953125
2025-10-29,Sweden,2777.909912109375
2025-10-30,Sweden,2782.77001953125
2025-10-31,Sweden,2767.070068359375
2025-11-03,Sweden,2755.43994140625
2025-11-04,Sweden,2741.080078125
2025-11-05,Sweden,2751.39990234375
2025-11-06,Sweden,2744.300048828125
2025-11-07,Sweden,2733.110107421875
2025-11-10,Sweden,2759.93994140625
2025-11-11,Sweden,2790.97998046875
2025-11-12,Sweden,2806.050048828125
2025-11-13,Sweden,2780.580078125
2025-11-14,Sweden,2757.1201171875
2025-11-17,Sweden,2736.1298828125
2025-11-18,Sweden,2673.72998046875
2025-11-19,Sweden,2685.840087890625
2025-11-20,Sweden,2701.949951171875
2025-11-21,Sweden,2699.35009765625
2025-11-24,Sweden,2725.35009765625
2025-11-25,Sweden,2758.159912109375
2025-11-26,Sweden,2779.43994140625
2025-11-27,Sweden,2789.43994140625
2025-11-28,Sweden,2787.77001953125
2025-12-01,Sweden,2784.530029296875
2025-12-02,Sweden,2783.530029296875
2025-12-03,Sweden,2779.820068359375
2025-12-04,Sweden,2813.610107421875
2025-12-05,Sweden,2826.6201171875
2025-12-08,Sweden,2823.909912109375
2025-12-09,Sweden,2808.72998046875
2025-12-10,Sweden,2810.590087890625
2025-12-11,Sweden,2829.0400390625
2025-12-12,Sweden,2821.010009765625
2025-12-15,Sweden,2832.7099609375
2025-12-16,Sweden,2812.830078125
2025-12-17,Sweden,2794.949951171875
2025-12-18,Sweden,2827.909912109375
2025-12-19,Sweden,2841.27001953125
2025-12-22,Sweden,2845.06005859375
2025-12-23,Sweden,2849.090087890625
2025-12-29,Sweden,2863.639892578125
2025-12-30,Sweden,2882.969970703125
2026-01-02,Sweden,2881.18994140625
2026-01-05,Sweden,2901.780029296875
2026-01-07,Sweden,2963.31005859375
2026-01-08,Sweden,2937.93994140625
2026-01-09,Sweden,2974.60009765625
2026-01-12,Sweden,2984.2099609375
2026-01-13,Sweden,2983.89990234375
2026-01-14,Sweden,2983.909912109375
2026-01-15,Sweden,3036.639892578125
2026-01-16,Sweden,3039.090087890625
2026-01-19,Sweden,2984.580078125
2026-01-20,Sweden,2976.3701171875
2026-01-21,Sweden,2988.02001953125
2026-01-22,Sweden,3003.06005859375
2026-01-23,Sweden,3013.6298828125
2026-01-26,Sweden,3024.14990234375
2026-01-27,Sweden,3043.949951171875
2026-01-28,Sweden,3027.469970703125
2026-01-29,Sweden,3031.389892578125
2026-01-30,Sweden,3026.570068359375
2026-02-02,Sweden,3066.860107421875
2026-02-03,Sweden,3087.35009765625
2026-02-04,Sweden,3117.929931640625
2026-02-05,Sweden,3089.669921875
2026-02-06,Sweden,3120.449951171875
2026-02-09,Sweden,3136.56005859375
2026-02-10,Sweden,3136.5400390625
2026-02-11,Sweden,3145.47998046875
2026-02-12,Sweden,3123.64990234375
2026-02-13,Sweden,3119.760009765625
2026-02-16,Sweden,3121.800048828125
2026-02-17,Sweden,3130.1201171875
2026-02-18,Sweden,3166.110107421875
2026-02-19,Sweden,3157.9599609375
2026-02-20,Sweden,3180.4599609375
2026-02-23,Sweden,3166.64990234375
2026-02-24,Sweden,3190.8701171875
2026-02-25,Sweden,3195.570068359375
2026-02-26,Sweden,3205.280029296875
2026-02-27,Sweden,3222.75
2026-03-02,Sweden,3168.389892578125
2026-03-03,Sweden,3082.969970703125
2026-03-04,Sweden,3118.010009765625
2026-03-05,Sweden,3077.2099609375
2026-03-06,Sweden,3038.550048828125
2026-03-09,Sweden,2992.860107421875
2026-03-10,Sweden,3082.610107421875
2026-03-11,Sweden,3058.9599609375
2026-03-12,Sweden,3063.090087890625
2026-03-13,Sweden,3018.719970703125
2026-03-16,Sweden,3027.72998046875
2026-03-17,Sweden,3023.590087890625
2026-03-18,Sweden,3015.27001953125
2026-03-19,Sweden,2908.969970703125
2026-03-20,Sweden,2864.68994140625
2026-03-23,Sweden,2892.18994140625
2026-03-24,Sweden,2908.35009765625
2026-03-25,Sweden,2943.35009765625
2026-03-26,Sweden,2889.81005859375
2026-03-27,Sweden,2863.919921875
2026-03-30,Sweden,2890.2900390625
2026-03-31,Sweden,2929.330078125
2026-04-01,Sweden,3006.3701171875
2026-04-02,Sweden,2965.68994140625
2026-04-07,Sweden,2967.919921875
2026-04-08,Sweden,3094.159912109375
2026-04-09,Sweden,3079.31005859375
2026-04-10,Sweden,3109.89990234375
2026-04-13,Sweden,3102.72998046875
2026-04-14,Sweden,3131.199951171875
2026-04-15,Sweden,3118.409912109375
2026-04-16,Sweden,3120.75
2026-04-17,Sweden,3182.1298828125
2026-04-20,Sweden,3153.1201171875
2026-04-21,Sweden,3133.2900390625
2026-04-22,Sweden,3128.389892578125
2026-04-23,Sweden,3131.35009765625
2026-04-24,Sweden,3101.080078125
2026-04-27,Sweden,3079.760009765625
2026-04-28,Sweden,3056.010009765625
2026-04-29,Sweden,3040.5400390625
2026-04-30,Sweden,3060.489990234375
2026-05-04,Sweden,3035.489990234375
2026-05-05,Sweden,3072.419921875
2026-05-06,Sweden,3159.330078125
2026-05-07,Sweden,3111.320068359375
2026-05-08,Sweden,3073.68994140625
2026-05-11,Sweden,3079.449951171875
2026-05-12,Sweden,3046.7099609375
2026-05-13,Sweden,3048.110107421875
2026-05-15,Sweden,3036.43994140625
2026-05-18,Sweden,3055.52001953125
2026-05-19,Sweden,3061.489990234375
2026-05-20,Sweden,3099.5
2026-05-21,Sweden,3115.97998046875
2026-05-22,Sweden,3146.1298828125
2026-05-25,Sweden,3192.830078125
2026-05-26,Sweden,3162.18994140625
2026-05-27,Sweden,3156.179931640625
2026-05-28,Sweden,3124.050048828125
2026-05-29,Sweden,3138.090087890625
2026-06-01,Sweden,3094.5
2026-06-02,Sweden,3149.919921875
2026-06-03,Sweden,3134.4599609375
2026-06-04,Sweden,3135.31005859375
2026-06-05,Sweden,3116.39990234375
2026-06-08,Sweden,3106.760009765625
2026-06-09,Sweden,3070.219970703125
2026-06-10,Sweden,3054.0400390625
2026-06-11,Sweden,3064.419921875
2026-06-12,Sweden,3113.570068359375
2026-06-15,Sweden,3134.320068359375
2026-06-16,Sweden,3141.6298828125
2026-06-17,Sweden,3161.2900390625
2026-06-18,Sweden,3178.639892578125
2026-06-22,Sweden,3190.719970703125
2026-06-23,Sweden,3145.659912109375
2026-06-24,Sweden,3146.9599609375
2026-06-25,Sweden,3180.8798828125
2026-06-26,Sweden,3153.550048828125
2026-06-29,Sweden,3166.780029296875
2026-06-30,Sweden,3203.219970703125
2026-07-01,Sweden,3184.909912109375
2026-07-02,Sweden,3210.409912109375
2026-07-03,Sweden,3247.030029296875
2026-07-06,Sweden,3235.530029296875
2026-07-07,Sweden,3205.4599609375
2026-07-08,Sweden,3144.47998046875
2026-07-09,Sweden,3186.39990234375
2026-07-10,Sweden,3177.780029296875
2026-07-13,Sweden,3167.159912109375
2026-07-14,Sweden,3162.7900390625
2026-07-15,Sweden,3150.860107421875
2026-07-16,Sweden,3149.52001953125
2026-07-17,Sweden,3146.93994140625
2026-07-20,Sweden,3134.0
2026-07-21,Sweden,3146.340087890625
2026-07-22,Sweden,3186.1201171875
2026-07-23,Sweden,3167.10009765625
2026-07-24,Sweden,3199.6201171875
2026-07-27,Sweden,3217.889892578125
2026-07-28,Sweden,3224.219970703125
2026-07-29,Sweden,3219.110107421875
2026-07-30,Sweden,3233.43994140625
2026-07-31,Sweden,3246.919921875
2026-08-03,Sweden,3274.429931640625
2026-08-04,Sweden,3326.280029296875
2026-08-05,Sweden,3326.929931640625
2026-08-06,Sweden,3323.10009765625
2026-08-07,Sweden,3312.340087890625
2026-08-10,Sweden,3305.570068359375
2026-08-11,Sweden,3297.0
2026-08-12,Sweden,3291.389892578125
2026-08-13,Sweden,3281.4599609375
2026-08-14,Sweden,3274.52001953125
2026-08-17,Sweden,3266.300048828125
2026-08-18,Sweden,3244.669921875
2026-08-19,Sweden,3243.81005859375
2026-08-20,Sweden,3258.330078125
2026-08-21,Sweden,3292.340087890625
2026-08-24,Sweden,3290.840087890625
2026-08-25,Sweden,3318.260009765625
2026-08-26,Sweden,3326.340087890625
2026-08-27,Sweden,3321.43994140625
2026-08-28,Sweden,3331.27001953125
2026-08-31,Sweden,3309.179931640625
2026-09-01,Sweden,3266.429931640625
2026-09-02,Sweden,3245.68994140625
2026-09-03,Sweden,3278.18994140625
2026-09-04,Sweden,3284.080078125
2026-09-07,Sweden,3291.840087890625
2026-09-08,Sweden,3312.1201171875
2026-09-09,Sweden,3258.360107421875
2026-09-10,Sweden,3244.97998046875
2026-09-11,Sweden,3255.22998046875
2026-09-14,Sweden,3219.820068359375
2026-09-15,Sweden,3218.93994140625
2026-09-16,Sweden,3250.6298828125
2026-09-17,Sweden,3291.300048828125
2026-09-18,Sweden,3264.330078125
2026-09-21,Sweden,3307.02001953125
2026-09-22,Sweden,3335.93994140625
2026-09-23,Sweden,3316.89990234375
2026-09-24,Sweden,3271.260009765625
2026-09-25,Sweden,3295.030029296875
2026-09-28,Sweden,3280.14990234375
2026-09-29,Sweden,3286.18994140625
2026-09-30,Sweden,3268.97998046875
2026-10-01,Sweden,3226.590087890625
2026-10-02,Sweden,3260.510009765625
2026-10-05,Sweden,3257.590087890625
2026-10-06,Sweden,3282.93994140625
2026-10-07,Sweden,3226.820068359375
2026-10-08,Sweden,3202.43994140625
2024-10-09,US,5792.0400390625
2024-10-10,US,5780.0498046875
2024-10-11,US,5815.02978515625
2024-10-14,US,5859.85009765625
2024-10-15,US,5815.259765625
2024-10-16,US,5842.47021484375
2024-10-17,US,5841.47021484375
2024-10-18,US,5864.669921875
2024-10-21,US,5853.97998046875
2024-10-22,US,5851.2001953125
2024-10-23,US,5797.419921875
2024-10-24,US,5809.85986328125
2024-10-25,US,5808.1201171875
2024-10-28,US,5823.52001953125
2024-10-29,US,5832.919921875
2024-10-30,US,5813.669921875
2024-10-31,US,5705.4501953125
2024-11-01,US,5728.7998046875
2024-11-04,US,5712.68994140625
2024-11-05,US,5782.759765625
2024-11-06,US,5929.0400390625
2024-11-07,US,5973.10009765625
2024-11-08,US,5995.5400390625
2024-11-11,US,6001.35009765625
2024-11-12,US,5983.990234375
2024-11-13,US,5985.3798828125
2024-11-14,US,5949.169921875
2024-11-15,US,5870.6201171875
2024-11-18,US,5893.6201171875
2024-11-19,US,5916.97998046875
2024-11-20,US,5917.10986328125
2024-11-21,US,5948.7099609375
2024-11-22,US,5969.33984375
2024-11-25,US,5987.3701171875
2024-11-26,US,6021.6298828125
2024-11-27,US,5998.740234375
2024-11-29,US,6032.3798828125
2024-12-02,US,6047.14990234375
2024-12-03,US,6049.8798828125
2024-12-04,US,6086.490234375
2024-12-05,US,6075.10986328125
2024-12-06,US,6090.27001953125
2024-12-09,US,6052.85009765625
2024-12-10,US,6034.91015625
2024-12-11,US,6084.18994140625
2024-12-12,US,6051.25
2024-12-13,US,6051.08984375
2024-12-16,US,6074.080078125
2024-12-17,US,6050.60986328125
2024-12-18,US,5872.16015625
2024-12-19,US,5867.080078125
2024-12-20,US,5930.85009765625
2024-12-23,US,5974.06982421875
2024-12-24,US,6040.0400390625
2024-12-26,US,6037.58984375
2024-12-27,US,5970.83984375
2024-12-30,US,5906.93994140625
2024-12-31,US,5881.6298828125
2025-01-02,US,5868.5498046875
2025-01-03,US,5942.47021484375
2025-01-06,US,5975.3798828125
2025-01-07,US,5909.02978515625
2025-01-08,US,5918.25
2025-01-10,US,5827.0400390625
2025-01-13,US,5836.22021484375
2025-01-14,US,5842.91015625
2025-01-15,US,5949.91015625
2025-01-16,US,5937.33984375
2025-01-17,US,5996.66015625
2025-01-21,US,6049.240234375
2025-01-22,US,6086.3701171875
2025-01-23,US,6118.7099609375
2025-01-24,US,6101.240234375
2025-01-27,US,6012.27978515625
2025-01-28,US,6067.7001953125
2025-01-29,US,6039.31005859375
2025-01-30,US,6071.169921875
2025-01-31,US,6040.52978515625
2025-02-03,US,5994.56982421875
2025-02-04,US,6037.8798828125
2025-02-05,US,6061.47998046875
2025-02-06,US,6083.56982421875
2025-02-07,US,6025.990234375
2025-02-10,US,6066.43994140625
2025-02-11,US,6068.5
2025-02-12,US,6051.97021484375
2025-02-13,US,6115.06982421875
2025-02-14,US,6114.6298828125
2025-02-18,US,6129.580078125
2025-02-19,US,6144.14990234375
2025-02-20,US,6117.52001953125
2025-02-21,US,6013.1298828125
2025-02-24,US,5983.25
2025-02-25,US,5955.25
2025-02-26,US,5956.06005859375
2025-02-27,US,5861.56982421875
2025-02-28,US,5954.5
2025-03-03,US,5849.72021484375
2025-03-04,US,5778.14990234375
2025-03-05,US,5842.6298828125
2025-03-06,US,5738.52001953125
2025-03-07,US,5770.2001953125
2025-03-10,US,5614.56005859375
2025-03-11,US,5572.06982421875
2025-03-12,US,5599.2998046875
2025-03-13,US,5521.52001953125
2025-03-14,US,5638.93994140625
2025-03-17,US,5675.1201171875
2025-03-18,US,5614.66015625
2025-03-19,US,5675.2900390625
2025-03-20,US,5662.89013671875
2025-03-21,US,5667.56005859375
2025-03-24,US,5767.56982421875
2025-03-25,US,5776.64990234375
2025-03-26,US,5712.2001953125
2025-03-27,US,5693.31005859375
2025-03-28,US,5580.93994140625
2025-03-31,US,5611.85009765625
2025-04-01,US,5633.06982421875
2025-04-02,US,5670.97021484375
2025-04-03,US,5396.52001953125
2025-04-04,US,5074.080078125
2025-04-07,US,5062.25
2025-04-08,US,4982.77001953125
2025-04-09,US,5456.89990234375
2025-04-10,US,5268.0498046875
2025-04-11,US,5363.35986328125
2025-04-14,US,5405.97021484375
2025-04-15,US,5396.6298828125
2025-04-16,US,5275.7001953125
2025-04-17,US,5282.7001953125
2025-04-21,US,5158.2001953125
2025-04-22,US,5287.759765625
2025-04-23,US,5375.85986328125
2025-04-24,US,5484.77001953125
2025-04-25,US,5525.2099609375
2025-04-28,US,5528.75
2025-04-29,US,5560.830078125
2025-04-30,US,5569.06005859375
2025-05-01,US,5604.14013671875
2025-05-02,US,5686.669921875
2025-05-05,US,5650.3798828125
2025-05-06,US,5606.91015625
2025-05-07,US,5631.27978515625
2025-05-08,US,5663.93994140625
2025-05-09,US,5659.91015625
2025-05-12,US,5844.18994140625
2025-05-13,US,5886.5498046875
2025-05-14,US,5892.580078125
2025-05-15,US,5916.93017578125
2025-05-16,US,5958.3798828125
2025-05-19,US,5963.60009765625
2025-05-20,US,5940.4599609375
2025-05-21,US,5844.60986328125
2025-05-22,US,5842.009765625
2025-05-23,US,5802.81982421875
2025-05-27,US,5921.5400390625
2025-05-28,US,5888.5498046875
2025-05-29,US,5912.169921875
2025-05-30,US,5911.68994140625
2025-06-02,US,5935.93994140625
2025-06-03,US,5970.3701171875
2025-06-04,US,5970.81005859375
2025-06-05,US,5939.2998046875
2025-06-06,US,6000.35986328125
2025-06-09,US,6005.8798828125
2025-06-10,US,6038.81005859375
2025-06-11,US,6022.240234375
2025-06-12,US,6045.259765625
2025-06-13,US,5976.97021484375
2025-06-16,US,6033.10986328125
2025-06-17,US,5982.72021484375
2025-06-18,US,5980.8701171875
2025-06-20,US,5967.83984375
2025-06-23,US,6025.169921875
2025-06-24,US,6092.18017578125
2025-06-25,US,6092.16015625
2025-06-26,US,6141.02001953125
2025-06-27,US,6173.06982421875
2025-06-30,US,6204.9501953125
2025-07-01,US,6198.009765625
2025-07-02,US,6227.419921875
2025-07-03,US,6279.35009765625
2025-07-07,US,6229.97998046875
2025-07-08,US,6225.52001953125
2025-07-09,US,6263.259765625
2025-07-10,US,6280.4599609375
2025-07-11,US,6259.75
2025-07-14,US,6268.56005859375
2025-07-15,US,6243.759765625
2025-07-16,US,6263.7001953125
2025-07-17,US,6297.35986328125
2025-07-18,US,6296.7900390625
2025-07-21,US,6305.60009765625
2025-07-22,US,6309.6201171875
2025-07-23,US,6358.91015625
2025-07-24,US,6363.35009765625
2025-07-25,US,6388.64013671875
2025-07-28,US,6389.77001953125
2025-07-29,US,6370.85986328125
2025-07-30,US,6362.89990234375
2025-07-31,US,6339.39013671875
2025-08-01,US,6238.009765625
2025-08-04,US,6329.93994140625
2025-08-05,US,6299.18994140625
2025-08-06,US,6345.06005859375
2025-08-07,US,6340.0
2025-08-08,US,6389.4501953125
2025-08-11,US,6373.4501953125
2025-08-12,US,6445.759765625
2025-08-13,US,6466.580078125
2025-08-14,US,6468.5400390625
2025-08-15,US,6449.7998046875
2025-08-18,US,6449.14990234375
2025-08-19,US,6411.3701171875
2025-08-20,US,6395.77978515625
2025-08-21,US,6370.169921875
2025-08-22,US,6466.91015625
2025-08-25,US,6439.31982421875
2025-08-26,US,6465.93994140625
2025-08-27,US,6481.39990234375
2025-08-28,US,6501.85986328125
2025-08-29,US,6460.259765625
2025-09-02,US,6415.5400390625
2025-09-03,US,6448.259765625
2025-09-04,US,6502.080078125
2025-09-05,US,6481.5
2025-09-08,US,6495.14990234375
2025-09-09,US,6512.60986328125
2025-09-10,US,6532.0400390625
2025-09-11,US,6587.47021484375
2025-09-12,US,6584.2900390625
2025-09-15,US,6615.27978515625
2025-09-16,US,6606.759765625
2025-09-17,US,6600.35009765625
2025-09-18,US,6631.9599609375
2025-09-19,US,6664.35986328125
2025-09-22,US,6693.75
2025-09-23,US,6656.919921875
2025-09-24,US,6637.97021484375
2025-09-25,US,6604.72021484375
2025-09-26,US,6643.7001953125
2025-09-29,US,6661.2099609375
2025-09-30,US,6688.4599609375
2025-10-01,US,6711.2001953125
2025-10-02,US,6715.35009765625
2025-10-03,US,6715.7900390625
2025-10-06,US,6740.27978515625
2025-10-07,US,6714.58984375
2025-10-08,US,6753.72021484375
2025-10-09,US,6735.10986328125
2025-10-10,US,6552.509765625
2025-10-13,US,6654.72021484375
2025-10-14,US,6644.31005859375
2025-10-15,US,6671.06005859375
2025-10-16,US,6629.06982421875
2025-10-17,US,6664.009765625
2025-10-20,US,6735.1298828125
2025-10-21,US,6735.35009765625
2025-10-22,US,6699.39990234375
2025-10-23,US,6738.43994140625
2025-10-24,US,6791.68994140625
2025-10-27,US,6875.16015625
2025-10-28,US,6890.89013671875
2025-10-29,US,6890.58984375
2025-10-30,US,6822.33984375
2025-10-31,US,6840.2001953125
2025-11-03,US,6851.97021484375
2025-11-04,US,6771.5498046875
2025-11-05,US,6796.2900390625
2025-11-06,US,6720.31982421875
2025-11-07,US,6728.7998046875
2025-11-10,US,6832.43017578125
2025-11-11,US,6846.60986328125
2025-11-12,US,6850.919921875
2025-11-13,US,6737.490234375
2025-11-14,US,6734.10986328125
2025-11-17,US,6672.41015625
2025-11-18,US,6617.31982421875
2025-11-19,US,6642.16015625
2025-11-20,US,6538.759765625
2025-11-21,US,6602.990234375
2025-11-24,US,6705.1201171875
2025-11-25,US,6765.8798828125
2025-11-26,US,6812.60986328125
2025-11-28,US,6849.08984375
2025-12-01,US,6812.6298828125
2025-12-02,US,6829.3701171875
2025-12-03,US,6849.72021484375
2025-12-04,US,6857.1201171875
2025-12-05,US,6870.39990234375
2025-12-08,US,6846.509765625
2025-12-09,US,6840.509765625
2025-12-10,US,6886.68017578125
2025-12-11,US,6901.0
2025-12-12,US,6827.41015625
2025-12-15,US,6816.509765625
2025-12-16,US,6800.259765625
2025-12-17,US,6721.43017578125
2025-12-18,US,6774.759765625
2025-12-19,US,6834.5
2025-12-22,US,6878.490234375
2025-12-23,US,6909.7900390625
2025-12-24,US,6932.0498046875
2025-12-26,US,6929.93994140625
2025-12-29,US,6905.740234375
2025-12-30,US,6896.240234375
2025-12-31,US,6845.5
2026-01-02,US,6858.47021484375
2026-01-05,US,6902.0498046875
2026-01-06,US,6944.81982421875
2026-01-07,US,6920.93017578125
2026-01-08,US,6921.4599609375
2026-01-09,US,6966.27978515625
2026-01-12,US,6977.27001953125
2026-01-13,US,6963.740234375
2026-01-14,US,6926.60009765625
2026-01-15,US,6944.47021484375
2026-01-16,US,6940.009765625
2026-01-20,US,6796.85986328125
2026-01-21,US,6875.6201171875
2026-01-22,US,6913.35009765625
2026-01-23,US,6915.60986328125
2026-01-26,US,6950.22998046875
2026-01-27,US,6978.60009765625
2026-01-28,US,6978.02978515625
2026-01-29,US,6969.009765625
2026-01-30,US,6939.02978515625
2026-02-02,US,6976.43994140625
2026-02-03,US,6917.81005859375
2026-02-04,US,6882.72021484375
2026-02-05,US,6798.39990234375
2026-02-06,US,6932.2998046875
2026-02-09,US,6964.81982421875
2026-02-10,US,6941.81005859375
2026-02-11,US,6941.47021484375
2026-02-12,US,6832.759765625
2026-02-13,US,6836.169921875
2026-02-17,US,6843.22021484375
2026-02-18,US,6881.31005859375
2026-02-19,US,6861.89013671875
2026-02-20,US,6909.509765625
2026-02-23,US,6837.75
2026-02-24,US,6890.06982421875
2026-02-25,US,6946.1298828125
2026-02-26,US,6908.85986328125
2026-02-27,US,6878.8798828125
2026-03-02,US,6881.6201171875
2026-03-03,US,6816.6298828125
2026-03-04,US,6869.5
2026-03-05,US,6830.7099609375
2026-03-06,US,6740.02001953125
2026-03-09,US,6795.990234375
2026-03-10,US,6781.47998046875
2026-03-11,US,6775.7998046875
2026-03-12,US,6672.6201171875
2026-03-13,US,6632.18994140625
2026-03-16,US,6699.3798828125
2026-03-17,US,6716.08984375
2026-03-18,US,6624.7001953125
2026-03-19,US,6606.490234375
2026-03-20,US,6506.47998046875
2026-03-23,US,6581.0
2026-03-24,US,6556.3701171875
2026-03-25,US,6591.89990234375
2026-03-26,US,6477.16015625
2026-03-27,US,6368.85009765625
2026-03-30,US,6343.72021484375
2026-03-31,US,6528.52001953125
2026-04-01,US,6575.31982421875
2026-04-02,US,6582.68994140625
2026-04-06,US,6611.830078125
2026-04-07,US,6616.85009765625
2026-04-08,US,6782.81005859375
2026-04-09,US,6824.66015625
2026-04-10,US,6816.89013671875
2026-04-13,US,6886.240234375
2026-04-14,US,6967.3798828125
2026-04-15,US,7022.9501953125
2026-04-16,US,7041.27978515625
2026-04-17,US,7126.06005859375
2026-04-20,US,7109.14013671875
2026-04-21,US,7064.009765625
2026-04-22,US,7137.89990234375
2026-04-23,US,7108.39990234375
2026-04-24,US,7165.080078125
2026-04-27,US,7173.91015625
2026-04-28,US,7138.7998046875
2026-04-29,US,7135.9501953125
2026-04-30,US,7209.009765625
2026-05-01,US,7230.1201171875
2026-05-04,US,7200.75
2026-05-05,US,7259.22021484375
2026-05-06,US,7365.1201171875
2026-05-07,US,7337.10986328125
2026-05-08,US,7398.93017578125
2026-05-11,US,7412.83984375
2026-05-12,US,7400.9599609375
2026-05-13,US,7444.25
2026-05-14,US,7501.240234375
2026-05-15,US,7408.5
2026-05-18,US,7403.0498046875
2026-05-19,US,7353.60986328125
2026-05-20,US,7432.97021484375
2026-05-21,US,7445.72021484375
2026-05-22,US,7473.47021484375
2026-05-26,US,7519.1201171875
2026-05-27,US,7520.35986328125
2026-05-28,US,7563.6298828125
2026-05-29,US,7580.06005859375
2026-06-01,US,7599.9599609375
2026-06-02,US,7609.77978515625
2026-06-03,US,7553.68017578125
2026-06-04,US,7584.31005859375
2026-06-05,US,7383.740234375
2026-06-08,US,7405.72998046875
2026-06-09,US,7386.64990234375
2026-06-10,US,7266.990234375
2026-06-11,US,7394.2998046875
2026-06-12,US,7431.4599609375
2026-06-15,US,7554.2900390625
2026-06-16,US,7511.35009765625
2026-06-17,US,7420.10009765625
2026-06-18,US,7500.580078125
2026-06-22,US,7472.7900390625
2026-06-23,US,7365.4599609375
2026-06-24,US,7358.22021484375
2026-06-25,US,7357.490234375
2026-06-26,US,7354.02001953125
2026-06-29,US,7440.43017578125
2026-06-30,US,7499.35986328125
2026-07-01,US,7483.22998046875
2026-07-02,US,7483.240234375
2026-07-06,US,7537.43017578125
2026-07-07,US,7503.85009765625
2026-07-08,US,7482.7099609375
2026-07-09,US,7543.64013671875
2026-07-10,US,7575.39013671875
2026-07-13,US,7515.33984375
2026-07-14,US,7543.58984375
2026-07-15,US,7572.39990234375
2026-07-16,US,7533.77001953125
2026-07-17,US,7457.68994140625
2026-07-20,US,7443.27978515625
2026-07-21,US,7509.2001953125
2026-07-22,US,7498.9599609375
2026-07-23,US,7408.2998046875
2026-07-24,US,7411.97998046875
2026-07-27,US,7413.18017578125
2026-07-28,US,7428.77978515625
2026-07-29,US,7316.14990234375
2026-07-30,US,7437.6298828125
2026-07-31,US,7489.72021484375
2026-08-03,US,7600.5
2026-08-04,US,7736.52001953125
2026-08-05,US,7723.5498046875
2026-08-06,US,7709.9599609375
2026-08-07,US,7757.64013671875
2026-08-10,US,7753.10986328125
2026-08-11,US,7728.2001953125
2026-08-12,US,7748.5
2026-08-13,US,7798.990234375
2026-08-14,US,7785.759765625
2026-08-17,US,7745.06005859375
2026-08-18,US,7691.759765625
2026-08-19,US,7707.97998046875
2026-08-20,US,7641.16015625
2026-08-21,US,7674.3701171875
2026-08-24,US,7652.85986328125
2026-08-25,US,7677.27978515625
2026-08-26,US,7675.7001953125
2026-08-27,US,7730.990234375
2026-08-28,US,7711.759765625
2026-08-31,US,7686.14013671875
2026-09-01,US,7631.47021484375
2026-09-02,US,7666.60009765625
2026-09-03,US,7747.7099609375
2026-09-04,US,7718.60009765625
2026-09-08,US,7673.52001953125
2026-09-09,US,7636.35986328125
2026-09-10,US,7591.7001953125
2026-09-11,US,7656.97998046875
2026-09-14,US,7619.97998046875
2026-09-15,US,7585.72998046875
2026-09-16,US,7551.81005859375
2026-09-17,US,7637.759765625
2026-09-18,US,7650.5
2026-09-21,US,7764.7001953125
2026-09-22,US,7764.64013671875
2026-09-23,US,7706.02978515625
2026-09-24,US,7704.1298828125
2026-09-25,US,7743.41015625
2026-09-28,US,7683.68994140625
2026-09-29,US,7670.83984375
2026-09-30,US,7651.5400390625
2026-10-01,US,7666.4501953125
2026-10-02,US,7722.72021484375
2026-10-05,US,7773.9501953125
2026-10-06,US,7818.93017578125
2026-10-07,US,7801.77001953125
2026-10-08,US,7765.35986328125
