date,ticker,close,trend_score
2026-09-17,ONCO.ST,1.7400000095367432,89.9
2026-09-17,ELON.ST,32.29999923706055,89.5
2026-09-17,MSTR,132.05499267578125,89.3
2026-09-17,SBB-D.ST,7.650000095367432,89.0
2026-09-17,MRNA,158.8300018310547,88.4
2026-09-17,WBGR-B.ST,2.619999885559082,88.2
2026-09-17,TRUE-B.ST,22.229999542236328,87.7
2026-09-17,ALVO-SDB.ST,52.20000076293945,87.0
2026-09-17,ALZCUR.ST,7.760000228881836,87.0
2026-09-17,FREEM.ST,1.7519999742507935,86.3
2026-09-17,UNIBAP.ST,9.359999656677246,85.3
2026-09-17,CRWD,247.0749969482422,83.9
2026-09-17,SMCI,40.39500045776367,83.2
2026-09-17,EPIS-B.ST,0.07900000363588333,83.0
2026-09-17,MIDS.ST,1.5479999780654907,82.9
2026-09-17,COIN,171.9019012451172,82.0
2026-09-17,CRM,244.71009826660156,81.5
2026-09-17,IT,188.99000549316406,81.5
2026-09-17,BRAIN.ST,1.0499999523162842,81.3
2026-09-17,NANEXA.ST,5.599999904632568,80.4
2026-09-17,NOW,139.0850067138672,80.1
2026-09-17,CYNCA.ST,4.440000057220459,79.6
2026-09-17,SEDANA.ST,10.539999961853027,79.5
2026-09-17,DICOT.ST,0.23659999668598175,79.3
2026-09-17,ANOD-B.ST,50.099998474121094,79.2
2026-09-17,VEEV,265.3800048828125,78.9
2026-09-17,YUBICO.ST,95.44999694824219,78.8
2026-09-17,WDAY,197.9949951171875,78.4
2026-09-17,DELL,587.39501953125,78.2
2026-09-17,SUS.ST,48.279998779296875,76.7
2026-09-17,HPE,61.36000061035156,76.2
2026-09-17,PANW,375.3399963378906,76.0
2026-09-17,ACN,190.43499755859375,75.8
2026-09-17,CTSH,61.67499923706055,75.7
2026-09-17,INTRUM.ST,3.880000114440918,75.7
2026-09-17,FLEXQ.ST,38.400001525878906,75.5
2026-09-17,RROS.ST,3.109999895095825,75.3
2026-09-17,SWKS,90.58000183105469,75.3
2026-09-17,SF.ST,6.909999847412109,75.2
2026-09-17,LIME.ST,245.5,74.5
2026-09-17,EMBRAC-B.ST,84.83999633789062,74.2
2026-09-17,HOOD,107.33999633789062,73.9
2026-09-17,TRI,99.31999969482422,73.8
2026-09-17,PLTR,175.30999755859375,73.4
2026-09-17,PAX.ST,59.0,73.0
2026-09-17,ELTEL.ST,15.300000190734863,72.3
2026-09-17,SVIK.ST,228.0,72.0
2026-09-17,GDDY,98.48500061035156,71.9
2026-09-17,NANOFS.ST,10.600000381469727,71.5
2026-09-17,EQL.ST,25.200000762939453,70.9
2026-09-17,KAR.ST,76.4000015258789,70.6
2026-09-17,BEAMMW-B.ST,15.199999809265137,70.5
2026-09-17,BACTI-B.ST,15.5,70.2
2026-09-17,QBEN.ST,6.300000190734863,70.2
2026-09-17,LITE,906.5750122070312,70.1
2026-09-17,HPQ,34.345001220703125,69.9
2026-09-17,GNRC,206.32000732421875,68.5
2026-09-17,NELLY.ST,36.0,68.3
2026-09-17,OBAB.ST,17.399999618530273,68.2
2026-09-17,PSKY,10.71500015258789,68.1
2026-09-17,FNM.ST,101.0,68.0
2026-09-17,CTT.ST,134.39999389648438,68.0
2026-09-17,FAG.ST,17.860000610351562,68.0
2026-09-17,INTU,314.0299987792969,67.9
2026-09-17,MVIR.ST,1.75600004196167,67.7
2026-09-17,TYL,339.6600036621094,67.7
2026-09-17,KINV-A.ST,73.80000305175781,67.5
2026-09-17,MEDS.ST,25.0,66.7
2026-09-17,RVTY,147.9199981689453,66.4
2026-09-17,BULTEN.ST,68.5,66.3
2026-09-17,ARE,56.16899871826172,66.2
2026-09-17,TTD,14.249899864196777,66.1
2026-09-17,PYPL,53.244998931884766,66.0
2026-09-17,INTC,110.51499938964844,66.0
2026-09-17,ADBE,250.71499633789062,65.7
2026-09-17,MILDEF.ST,234.39999389648438,65.6
2026-09-17,LYKO-A.ST,82.9000015258789,65.5
2026-09-17,SMCRT.ST,14.460000038146973,65.5
2026-09-17,VLO,410.5400085449219,65.4
2026-09-17,ADSK,218.69000244140625,65.3
2026-09-17,SYNACT.ST,18.18000030517578,65.0
2026-09-17,KABE-B.ST,237.0,65.0
2026-09-17,VOLO.ST,24.950000762939453,64.9
2026-09-17,FISV,49.189998626708984,64.6
2026-09-17,HEM.ST,75.9000015258789,64.6
2026-09-17,MOS,25.405000686645508,64.4
2026-09-17,PTC,134.32000732421875,64.3
2026-09-17,SIVE.ST,29.959999084472656,64.2
2026-09-17,ENGCON-B.ST,74.5,64.2
2026-09-17,ELUX-A.ST,27.399999618530273,64.1
2026-09-17,DDOG,238.0500030517578,64.1
2026-09-17,G2M.ST,4.010000228881836,63.6
2026-09-17,FROO.ST,499.70001220703125,63.6
2026-09-17,ACCON.ST,12.239999771118164,63.5
2026-09-17,UHS,181.5,63.5
2026-09-17,VIT-B.ST,264.6000061035156,63.4
2026-09-17,MIPS.ST,383.79998779296875,63.2
2026-09-17,CDW,149.38999938964844,63.2
2026-09-17,VISC.ST,21.100000381469727,62.8
2026-09-17,LUC.ST,1.2380000352859497,62.8
2026-09-17,SKOLON.ST,22.200000762939453,62.7
2026-09-17,FDS,280.69500732421875,62.6
2026-09-17,MRVL,240.85499572753906,62.4
2026-09-17,ULTA,544.4299926757812,62.3
2026-09-17,CORE-A.ST,3.5,61.9
2026-09-17,ORCL,149.05999755859375,61.8
2026-09-17,FTNT,173.0399932861328,61.8
2026-09-17,CHTR,133.81500244140625,61.5
2026-09-17,MPC,422.3851013183594,61.4
2026-09-17,KINV-B.ST,60.459999084472656,61.4
2026-09-17,BHG.ST,20.260000228881836,61.3
2026-09-17,BBY,94.44000244140625,61.2
2026-09-17,PODD,141.4600067138672,61.2
2026-09-17,KEOC.ST,7.400000095367432,61.1
2026-09-17,ALAB,290.8190002441406,61.1
2026-09-17,BICO.ST,22.600000381469727,60.9
2026-09-17,SEYE.ST,53.0,60.8
2026-09-17,ELUX-B.ST,26.5,60.8
2026-09-17,LDOS,130.77000427246094,60.5
2026-09-17,APA,45.35499954223633,60.5
2026-09-17,SHOP,128.1199951171875,60.5
2026-09-17,PCELL.ST,20.360000610351562,60.4
2026-09-17,LULU,98.94999694824219,59.9
2026-09-17,CSGP,29.594999313354492,59.7
2026-09-17,TROAX.ST,154.1999969482422,59.6
2026-09-17,GRANGX.ST,30.649999618530273,59.6
2026-09-17,OSSD.ST,3.7100000381469727,59.3
2026-09-17,ANET,198.1999969482422,59.2
2026-09-17,AEC.ST,1.375,59.1
2026-09-17,NOBI.ST,14.317999839782715,59.1
2026-09-17,EGTX.ST,8.0,59.0
2026-09-17,SPCX,154.72000122070312,59.0
2026-09-17,VER.ST,12.079999923706055,59.0
2026-09-17,PSX,272.6200866699219,58.8
2026-09-17,VNV.ST,18.639999389648438,58.8
2026-09-17,ARFA.ST,69.0,58.7
2026-09-17,NTAP,197.37750244140625,58.5
2026-09-17,RDDT,151.2550048828125,58.5
2026-09-17,DYVOX.ST,72.05000305175781,58.5
2026-09-17,AMD,544.4000244140625,58.4
2026-09-17,CX.ST,39.5,58.3
2026-09-17,FICO,970.6950073242188,58.3
2026-09-17,CIEN,350.1000061035156,58.3
2026-09-17,LUG.ST,642.5999755859375,58.2
2026-09-17,ORRON.ST,8.010000228881836,58.1
2026-09-17,ITAB.ST,17.34000015258789,58.0
2026-09-17,IVSO.ST,236.8000030517578,57.9
2026-09-17,WPTG-B.ST,13.220000267028809,57.9
2026-09-17,BETS-B.ST,97.75,57.9
2026-09-17,ORX.ST,12.84000015258789,57.8
2026-09-17,FMM-B.ST,112.0,57.7
2026-09-17,SECARE.ST,23.350000381469727,57.6
2026-09-17,CASE.ST,20.799999237060547,57.6
2026-09-17,KARNEL-B.ST,100.0,57.5
2026-09-17,LEA.ST,13.4399995803833,57.5
2026-09-17,DMXSE-SDB.ST,3.0999999046325684,57.4
2026-09-17,PDX.ST,155.0,57.4
2026-09-17,FOXA,65.62999725341797,57.3
2026-09-17,EOLU-B.ST,51.599998474121094,57.2
2026-09-17,SSAB-B.ST,109.4000015258789,57.2
2026-09-17,ABSO.ST,218.0,57.1
2026-09-17,KNOW.ST,94.69999694824219,57.1
2026-09-17,CRL,283.6400146484375,57.1
2026-09-17,NTEK-B.ST,65.0,57.1
2026-09-17,COHR,294.6199951171875,57.0
2026-09-17,FOX,58.83000183105469,57.0
2026-09-17,SINCH.ST,46.2400016784668,57.0
2026-09-17,FRACTL.ST,14.0,56.9
2026-09-17,KJELL.ST,16.0,56.8
2026-09-17,PRIC-B.ST,4.09499979019165,56.6
2026-09-17,CF,133.61000061035156,56.4
2026-09-17,ONEF.ST,17.5,56.3
2026-09-17,ARM,262.22760009765625,56.3
2026-09-17,ZBRA,346.239990234375,56.3
2026-09-17,XANO-B.ST,50.400001525878906,56.3
2026-09-17,SSAB-A.ST,108.80000305175781,56.3
2026-09-17,META,676.1599731445312,56.3
2026-09-17,IQV,270.19500732421875,56.1
2026-09-17,CORE-B.ST,2.4119999408721924,56.1
2026-09-17,BR,164.83999633789062,56.0
2026-09-17,EIX,55.8650016784668,55.6
2026-09-17,GOMX.ST,11.390000343322754,55.6
2026-09-17,GAPW-B.ST,11.960000038146973,55.6
2026-09-17,AXON,453.1000061035156,55.5
2026-09-17,LYB,64.12999725341797,55.5
2026-09-17,HCA,431.4599914550781,55.4
2026-09-17,MNTC.ST,15.100000381469727,55.2
2026-09-17,TRAIN-B.ST,5.960000038146973,55.1
2026-09-17,TSLA,366.30999755859375,55.0
2026-09-17,TMO,662.27001953125,55.0
2026-09-17,PROF-B.ST,123.5,54.9
2026-09-17,ISRG,385.2900085449219,54.9
2026-09-17,TINGS-A.ST,53.0,54.7
2026-09-17,BSX,43.13999938964844,54.6
2026-09-17,UPSALE.ST,29.100000381469727,54.1
2026-09-17,TRMB,57.83000183105469,54.1
2026-09-17,PCG,13.489999771118164,54.0
2026-09-17,ITECH.ST,74.69999694824219,54.0
2026-09-17,LUMEN.ST,53.0,54.0
2026-09-17,BONEX.ST,220.8000030517578,54.0
2026-09-17,BILL.ST,84.94999694824219,53.8
2026-09-17,QCOM,189.00999450683594,53.5
2026-09-17,HACK.ST,92.25,53.4
2026-09-17,ALNY,242.47000122070312,53.4
2026-09-17,SVEAF.ST,31.5,53.4
2026-09-17,MORROW.ST,15.979999542236328,53.4
2026-09-17,SLEEP.ST,23.450000762939453,53.2
2026-09-17,FCX,70.93000030517578,53.2
2026-09-17,OCTV-SDB.ST,181.14999389648438,53.2
2026-09-17,TSCO,33.03499984741211,53.2
2026-09-17,NOTE.ST,174.6999969482422,53.1
2026-09-17,MSAB-B.ST,93.0,53.1
2026-09-17,ENVAR.ST,47.900001525878906,53.0
2026-09-17,HUM.ST,69.5999984741211,53.0
2026-09-17,JKHY,157.02000427246094,52.8
2026-09-17,RUG.ST,67.5,52.8
2026-09-17,MTD,1413.925048828125,52.7
2026-09-17,FFIV,434.0299987792969,52.6
2026-09-17,DG,124.11000061035156,52.5
2026-09-17,BURE.ST,308.79998779296875,52.5
2026-09-17,VSSAB-B.ST,166.0,52.5
2026-09-17,SAAB-B.ST,612.5,52.5
2026-09-17,RKLB,67.52999877929688,52.5
2026-09-17,AXFO.ST,251.0,52.4
2026-09-17,GEN,30.53499984741211,52.4
2026-09-17,NETI-B.ST,3.1649999618530273,52.4
2026-09-17,CAT-A.ST,18.100000381469727,52.3
2026-09-17,EXPE,283.9100036621094,52.2
2026-09-17,SEZI.ST,2.875,52.1
2026-09-17,KR,60.845001220703125,52.0
2026-09-17,NOKIA-SEK.ST,104.25,51.9
2026-09-17,VITR.ST,91.80000305175781,51.8
2026-09-17,NIBE-B.ST,42.97999954223633,51.7
2026-09-17,GLW,148.33999633789062,51.7
2026-09-17,RMD,228.77999877929688,51.7
2026-09-17,XSPRAY.ST,9.6899995803833,51.6
2026-09-17,BTS-B.ST,205.0,51.5
2026-09-17,VPLAY-B.ST,1.3990000486373901,51.4
2026-09-17,DHR,212.72000122070312,51.4
2026-09-17,NEM,124.56999969482422,51.3
2026-09-17,DE,685.125,51.3
2026-09-17,CRWV,78.63990020751953,51.3
2026-09-17,ASKER.ST,60.0,51.1
2026-09-17,KBC.ST,43.79999923706055,51.1
2026-09-17,NREST.ST,268.5,50.7
2026-09-17,NTECH.ST,72.94999694824219,50.7
2026-09-17,MSFT,494.9849853515625,50.6
2026-09-17,ARPL.ST,39.29999923706055,50.6
2026-09-17,STORY-B.ST,116.0999984741211,50.5
2026-09-17,STUDBO.ST,1.315000057220459,50.5
2026-09-17,COFFEE-B.ST,19.496000289916992,50.4
2026-09-17,NEWA-B.ST,91.3499984741211,50.3
2026-09-17,STLD,247.00999450683594,50.2
2026-09-17,SNDK,1608.4300537109375,50.2
2026-09-17,BOL.ST,539.4000244140625,50.2
2026-09-17,EXS.ST,120.0,50.1
2026-09-17,DOM.ST,22.139999389648438,50.0
2026-09-17,FIRE.ST,172.0,49.9
2026-09-17,CEVI.ST,165.0,49.7
2026-09-17,A,156.1999969482422,49.7
2026-09-17,TERNOR.ST,39.0,49.7
2026-09-17,NOBA.ST,88.4000015258789,49.6
2026-09-17,GSKR-SDB.ST,22.700000762939453,49.6
2026-09-17,HEXA-B.ST,95.30000305175781,49.6
2026-09-17,DXCM,87.95999908447266,49.5
2026-09-17,STE-R.ST,120.0,49.4
2026-09-17,STE-A.ST,118.0,49.4
2026-09-17,EG7.ST,16.34000015258789,49.4
2026-09-17,AQ.ST,222.39999389648438,49.3
2026-09-17,ECHO,94.2300033569336,49.2
2026-09-17,EWRK.ST,58.0,49.2
2026-09-17,BMAX.ST,54.20000076293945,49.1
2026-09-17,GPN,86.4749984741211,49.1
2026-09-17,ZTS,72.70500183105469,49.1
2026-09-17,HANZA.ST,154.1999969482422,49.0
2026-09-17,SEAF.ST,7.739999771118164,49.0
2026-09-17,STOR-B.ST,11.010000228881836,48.9
2026-09-17,FLERIE.ST,17.450000762939453,48.9
2026-09-17,SYSR.ST,88.0999984741211,48.8
2026-09-17,APOTEA.ST,78.5,48.8
2026-09-17,NFLX,75.44499969482422,48.7
2026-09-17,AMBEA.ST,174.5,48.7
2026-09-17,TGT,159.21499633789062,48.7
2026-09-17,BDX,182.64500427246094,48.6
2026-09-17,ALLEI.ST,117.69999694824219,48.6
2026-09-17,AJG,242.35000610351562,48.6
2026-09-17,PIERCE.ST,8.779999732971191,48.6
2026-09-17,LATO-B.ST,207.89999389648438,48.6
2026-09-17,BIOA-B.ST,324.6000061035156,48.5
2026-09-17,EVO.ST,900.0,48.5
2026-09-17,VRSK,176.81500244140625,48.5
2026-09-17,KCCO.ST,101.4000015258789,48.5
2026-09-17,MOB.ST,10.600000381469727,48.4
2026-09-17,ERIE,243.42999267578125,48.3
2026-09-17,BWEO.ST,60.0,48.3
2026-09-17,MU,976.2999877929688,48.3
2026-09-17,ON,68.83000183105469,48.3
2026-09-17,PACT.ST,143.1999969482422,48.2
2026-09-17,SILEX.ST,162.3000030517578,48.2
2026-09-17,ENITY.ST,76.5,48.1
2026-09-17,EKTA-B.ST,51.75,48.1
2026-09-17,NVDA,219.48500061035156,48.1
2026-09-17,SNPS,379.5849914550781,48.0
2026-09-17,HPOL-B.ST,95.4000015258789,48.0
2026-09-17,MMGR-B.ST,135.39999389648438,47.9
2026-09-17,TER,353.44000244140625,47.9
2026-09-17,MCK,881.4199829101562,47.8
2026-09-17,BIM.ST,5.139999866485596,47.8
2026-09-17,BEGR.ST,29.899999618530273,47.8
2026-09-17,ALB,115.54000091552734,47.6
2026-09-17,DUST.ST,1.7039999961853027,47.6
2026-09-17,DGX,248.0800018310547,47.6
2026-09-17,SW,45.7400016784668,47.5
2026-09-17,OEM-B.ST,175.39999389648438,47.5
2026-09-17,SANION.ST,10.010000228881836,47.5
2026-09-17,SECT-B.ST,301.3999938964844,47.5
2026-09-17,SCA-A.ST,121.0,47.5
2026-09-17,WSG.ST,65.66999816894531,47.3
2026-09-17,VRT,241.6999969482422,47.3
2026-09-17,VRSN,301.5899963378906,47.3
2026-09-17,SCA-B.ST,121.0,47.3
2026-09-17,KLARA-B.ST,12.920000076293945,47.3
2026-09-17,MRK,147.05999755859375,47.2
2026-09-17,MELI,1820.9749755859375,47.2
2026-09-17,COP,133.0399932861328,47.2
2026-09-17,INWI.ST,183.0,47.2
2026-09-17,GENO.ST,20.299999237060547,47.2
2026-09-17,SNM-SDB.ST,1.4040000438690186,47.2
2026-09-17,MTG-A.ST,132.0,47.1
2026-09-17,ALIF-B.ST,163.1999969482422,47.1
2026-09-17,NCAB.ST,82.80000305175781,47.1
2026-09-17,OVZON.ST,38.15999984741211,47.1
2026-09-17,G5EN.ST,62.0,47.1
2026-09-17,LH,323.2099914550781,47.1
2026-09-17,INCY,126.30999755859375,47.0
2026-09-17,CLAS-B.ST,419.20001220703125,47.0
2026-09-17,MER.ST,15.699999809265137,46.9
2026-09-17,VOLCAR-B.ST,18.19499969482422,46.9
2026-09-17,ADM,87.73999786376953,46.9
2026-09-17,SNX.ST,33.0,46.9
2026-09-17,BINV.ST,22.399999618530273,46.8
2026-09-17,KAMBI.ST,186.8000030517578,46.8
2026-09-17,ENZY.ST,1.8600000143051147,46.8
2026-09-17,HAKI-B.ST,20.700000762939453,46.7
2026-09-17,LUMI.ST,233.60000610351562,46.6
2026-09-17,PRISMA.ST,26.700000762939453,46.6
2026-09-17,EL,93.875,46.6
2026-09-17,WAT,429.19000244140625,46.6
2026-09-17,ELAN-B.ST,49.0,46.5
2026-09-17,ARJO-B.ST,28.299999237060547,46.4
2026-09-17,HNSA.ST,38.2400016784668,46.4
2026-09-17,DASH,194.0500030517578,46.3
2026-09-17,TRV,378.95001220703125,46.3
2026-09-17,EBAY,111.9000015258789,46.2
2026-09-17,DVN,48.63999938964844,46.2
2026-09-17,ADP,272.2950134277344,46.2
2026-09-17,VBG-B.ST,315.5,46.2
2026-09-17,ALM.ST,43.29999923706055,46.0
2026-09-17,LOOMIS.ST,551.5,46.0
2026-09-17,DOXA.ST,0.33799999952316284,45.9
2026-09-17,SAGA-A.ST,165.0,45.8
2026-09-17,SAGA-B.ST,167.0,45.8
2026-09-17,CINPHA.ST,11.539999961853027,45.8
2026-09-17,GILD,149.5500030517578,45.8
2026-09-17,ALLE,154.5749969482422,45.6
2026-09-17,SKF-A.ST,277.0,45.6
2026-09-17,NDSN,313.1099853515625,45.5
2026-09-17,SALT-B.ST,5.21999979019165,45.5
2026-09-17,ASMDEE-B.ST,166.6999969482422,45.5
2026-09-17,INDT.ST,247.8000030517578,45.5
2026-09-17,HUMBLE.ST,5.519999980926514,45.5
2026-09-17,NUE,266.4150085449219,45.4
2026-09-17,CVX,211.47999572753906,45.2
2026-09-17,AKAM,107.66500091552734,45.2
2026-09-17,VPLAY-A.ST,2.680000066757202,45.2
2026-09-17,OPTER.ST,76.80000305175781,45.2
2026-09-17,CNC,67.4000015258789,45.2
2026-09-17,J,143.92999267578125,45.2
2026-09-17,VTRS,17.135000228881836,45.1
2026-09-17,FLAT-B.ST,8.585000038146973,45.1
2026-09-17,CPRT,29.829999923706055,45.1
2026-09-17,REGN,786.0,45.0
2026-09-17,MDT,93.11509704589844,45.0
2026-09-17,SWED-A.ST,406.79998779296875,44.9
2026-09-17,WST,366.67498779296875,44.8
2026-09-17,VERT-B.ST,59.400001525878906,44.8
2026-09-17,GRMN,279.739990234375,44.8
2026-09-17,IPCO.ST,249.0,44.7
2026-09-17,NYAB.ST,7.300000190734863,44.7
2026-09-17,SFAB.ST,113.4000015258789,44.7
2026-09-17,NWSA,30.329999923706055,44.6
2026-09-17,CRNO-B.ST,4.619999885559082,44.5
2026-09-17,SKF-B.ST,275.3999938964844,44.5
2026-09-17,BRO,65.30000305175781,44.5
2026-09-17,DVA,185.98500061035156,44.5
2026-09-17,APP,316.4798889160156,44.5
2026-09-17,AVARDA.ST,212.0,44.4
2026-09-17,SBB-B.ST,2.940000057220459,44.4
2026-09-17,OKEAO.ST,40.349998474121094,44.3
2026-09-17,GPC,131.27000427246094,44.2
2026-09-17,GIS,36.83000183105469,44.2
2026-09-17,8TRA.ST,419.0,44.2
2026-09-17,EPRO-B.ST,44.25,44.2
2026-09-17,ROP,374.7950134277344,44.2
2026-09-17,IBM,238.35000610351562,44.2
2026-09-17,AFRY.ST,103.5999984741211,44.2
2026-09-17,EMBELL.ST,34.5,44.1
2026-09-17,ATT.ST,127.0,44.0
2026-09-17,KKR,99.05000305175781,44.0
2026-09-17,HMS.ST,528.0,43.9
2026-09-17,MTG-B.ST,134.60000610351562,43.9
2026-09-17,NORION.ST,68.69999694824219,43.9
2026-09-17,AAPL,336.2749938964844,43.9
2026-09-17,CVNA,66.0250015258789,43.8
2026-09-17,LIAB.ST,123.80000305175781,43.8
2026-09-17,NAVIGO-STAM.ST,3.109999895095825,43.8
2026-09-17,ETN,410.0150146484375,43.8
2026-09-17,SJM,124.31999969482422,43.7
2026-09-17,HONA,165.56500244140625,43.7
2026-09-17,BG,119.63999938964844,43.6
2026-09-17,COO,54.025001525878906,43.6
2026-09-17,FPAR-A.ST,41.79999923706055,43.5
2026-09-17,NWS,33.47999954223633,43.5
2026-09-17,PAYX,116.0999984741211,43.5
2026-09-17,MCOV-B.ST,250.0,43.4
2026-09-17,FLUO.ST,33.400001525878906,43.4
2026-09-17,OXY,59.30500030517578,43.3
2026-09-17,CTEK.ST,14.180000305175781,43.3
2026-09-17,BUFAB.ST,139.0,43.1
2026-09-17,IP,35.68000030517578,43.1
2026-09-17,FREJA.ST,17.850000381469727,43.1
2026-09-17,FLEX,110.66999816894531,43.0
2026-09-17,SVOL-B.ST,58.650001525878906,43.0
2026-09-17,CRED-A.ST,92.1500015258789,43.0
2026-09-17,KMARO.ST,58.939998626708984,43.0
2026-09-17,DOW,29.56999969482422,42.9
2026-09-17,SEB-C.ST,234.0,42.9
2026-09-17,RUSTA.ST,78.0999984741211,42.8
2026-09-17,CEG,261.1549987792969,42.8
2026-09-17,HOFI.ST,206.1999969482422,42.8
2026-09-17,NEOBO.ST,19.200000762939453,42.8
2026-09-17,ACAD.ST,101.5999984741211,42.7
2026-09-17,SEB-A.ST,230.5,42.7
2026-09-17,EFX,161.92999267578125,42.7
2026-09-17,FIS,36.72999954223633,42.7
2026-09-17,BX,125.80000305175781,42.6
2026-09-17,GEV,930.0211181640625,42.6
2026-09-17,DPZ,299.0799865722656,42.6
2026-09-17,GOOGL,346.2699890136719,42.5
2026-09-17,DEDI.ST,55.099998474121094,42.5
2026-09-17,TEL,204.9949951171875,42.5
2026-09-17,SPGI,406.0199890136719,42.5
2026-09-17,ICE,153.83999633789062,42.4
2026-09-17,BETCO.ST,119.4000015258789,42.4
2026-09-17,NBIS,214.02999877929688,42.3
2026-09-17,CMG,33.654998779296875,42.3
2026-09-17,TREL-B.ST,452.79998779296875,42.2
2026-09-17,SALIX.ST,63.29999923706055,42.2
2026-09-17,CARA.ST,26.850000381469727,42.2
2026-09-17,WTW,311.7099914550781,42.2
2026-09-17,BLDR,57.52000045776367,42.2
2026-09-17,NMAN.ST,129.8000030517578,42.2
2026-09-17,MSI,458.9800109863281,42.1
2026-09-17,CASY,612.0599975585938,42.1
2026-09-17,MYCR.ST,318.0,42.1
2026-09-17,KEYS,331.6449890136719,42.1
2026-09-17,BIIB,218.65499877929688,42.1
2026-09-17,PFG,116.94499969482422,42.0
2026-09-17,HAYPP.ST,145.0,42.0
2026-09-17,ZZ-B.ST,134.3000030517578,42.0
2026-09-17,TPL,349.43499755859375,42.0
2026-09-17,BOHO.ST,7.320000171661377,42.0
2026-09-17,TELIA.ST,47.88999938964844,42.0
2026-09-17,ERIC-A.ST,101.80000305175781,41.9
2026-09-17,NRG,106.25,41.9
2026-09-17,ERIC-B.ST,101.25,41.9
2026-09-17,SOLV,88.44000244140625,41.9
2026-09-17,CME,272.3599853515625,41.9
2026-09-17,EG,378.3800048828125,41.8
2026-09-17,VOLV-A.ST,338.0,41.8
2026-09-17,GREEN.ST,21.549999237060547,41.7
2026-09-17,ANNE-B.ST,17.049999237060547,41.7
2026-09-17,PEAB-B.ST,99.0,41.7
2026-09-17,KHC,24.844999313354492,41.6
2026-09-17,GARO.ST,10.819999694824219,41.6
2026-09-17,MET,97.58999633789062,41.5
2026-09-17,VEFAB.ST,1.8279999494552612,41.4
2026-09-17,BEIJ-B.ST,139.0,41.4
2026-09-17,FSLR,201.36000061035156,41.4
2026-09-17,ABNB,165.82000732421875,41.4
2026-09-17,GM,86.8550033569336,41.3
2026-09-17,BRAV.ST,142.89999389648438,41.3
2026-09-17,DUNI.ST,77.9000015258789,41.3
2026-09-17,PDD,78.12999725341797,41.3
2026-09-17,GPG.ST,38.5,41.3
2026-09-17,LRCX,269.6000061035156,41.2
2026-09-17,SLB,52.415000915527344,41.2
2026-09-17,ADVE.ST,16.860000610351562,41.1
2026-09-17,T,25.405000686645508,41.1
2026-09-17,TEQ.ST,185.8000030517578,41.1
2026-09-17,ALIG.ST,121.19999694824219,41.1
2026-09-17,BILI-A.ST,153.1999969482422,41.1
2026-09-17,RAY-B.ST,176.5,41.0
2026-09-17,ELV,416.8800048828125,41.0
2026-09-17,GOOG,342.5400085449219,40.9
2026-09-17,CEDER.ST,44.900001525878906,40.9
2026-09-17,CPAY,406.81500244140625,40.9
2026-09-17,SWEC-A.ST,129.5,40.9
2026-09-17,ABBV,263.0849914550781,40.9
2026-09-17,ENRO.ST,28.600000381469727,40.9
2026-09-17,NOC,523.5050048828125,40.9
2026-09-17,VST,143.11500549316406,40.8
2026-09-17,WDC,424.4549865722656,40.8
2026-09-17,NYOR.ST,6.5,40.8
2026-09-17,FIX,1580.010009765625,40.8
2026-09-17,CBOE,267.375,40.7
2026-09-17,XOM,162.80999755859375,40.7
2026-09-17,KLAC,169.3000030517578,40.7
2026-09-17,ARENIT-SDB.ST,101.0,40.7
2026-09-17,FG.ST,16.479999542236328,40.6
2026-09-17,IFF,85.48999786376953,40.6
2026-09-17,ABT,102.77999877929688,40.6
2026-09-17,ZBH,94.98999786376953,40.6
2026-09-17,INISS-B.ST,68.4000015258789,40.6
2026-09-17,TINGS-B.ST,38.5,40.6
2026-09-17,LEMSE.ST,1.7300000190734863,40.5
2026-09-17,CLBIO.ST,14.75,40.5
2026-09-17,AMP,546.9299926757812,40.4
2026-09-17,SECU-B.ST,153.60000610351562,40.4
2026-09-17,CHRW,153.9499969482422,40.4
2026-09-17,VIMIAN.ST,35.45000076293945,40.4
2026-09-17,EXPD,189.25,40.3
2026-09-17,BOAT.ST,11.550000190734863,40.2
2026-09-17,COOR.ST,51.54999923706055,40.2
2026-09-17,SKMO.ST,55.5,40.2
2026-09-17,HOLM-A.ST,322.0,40.2
2026-09-17,GETI-B.ST,238.6999969482422,40.1
2026-09-17,MANG.ST,1710.0,40.1
2026-09-17,V,371.44000244140625,40.1
2026-09-17,NCC-A.ST,180.5,40.0
2026-09-17,VIVA.ST,38.20000076293945,40.0
2026-09-17,TAP,39.27000045776367,40.0
2026-09-17,STIL.ST,241.5,40.0
2026-09-17,STX,801.780029296875,39.9
2026-09-17,TECH,72.45010375976562,39.9
2026-09-17,AZN.ST,1626.5,39.9
2026-09-17,SKA-B.ST,271.0,39.9
2026-09-17,INSTAL.ST,39.58000183105469,39.8
2026-09-17,F,13.694999694824219,39.8
2026-09-17,NVR,6219.43017578125,39.7
2026-09-17,BMC.ST,99.19999694824219,39.6
2026-09-17,COR,311.8800048828125,39.6
2026-09-17,SHB-A.ST,155.0500030517578,39.5
2026-09-17,AIZ,286.30999755859375,39.5
2026-09-17,TEL2-A.ST,174.5,39.5
2026-09-17,CTAS,198.0500030517578,39.5
2026-09-17,SWEC-B.ST,128.10000610351562,39.4
2026-09-17,NDAQ,91.70379638671875,39.4
2026-09-17,MA,567.9349975585938,39.4
2026-09-17,LEN,78.88009643554688,39.4
2026-09-17,TITA-B.ST,7.599999904632568,39.3
2026-09-17,NOLA-B.ST,52.70000076293945,39.2
2026-09-17,MO,69.44999694824219,39.2
2026-09-17,KFAST-B.ST,10.859999656677246,39.2
2026-09-17,ROST,230.1699981689453,39.2
2026-09-17,NKE,36.33000183105469,39.2
2026-09-17,CBRE,139.83999633789062,39.1
2026-09-17,ENEA.ST,63.599998474121094,39.1
2026-09-17,BERG-B.ST,262.0,39.0
2026-09-17,NCC-B.ST,180.1999969482422,38.9
2026-09-17,RATO-B.ST,37.81999969482422,38.9
2026-09-17,AMZN,251.64999389648438,38.9
2026-09-17,EPI-A.ST,256.20001220703125,38.9
2026-09-17,TIETOS.ST,215.60000610351562,38.7
2026-09-17,NDA-SE.ST,201.5,38.7
2026-09-17,AMGN,378.8550109863281,38.7
2026-09-17,ALL,252.71499633789062,38.6
2026-09-17,JBHT,239.1999969482422,38.6
2026-09-17,HOLM-B.ST,325.20001220703125,38.5
2026-09-17,CTVA,82.01499938964844,38.5
2026-09-17,KDP,31.704999923706055,38.4
2026-09-17,AVY,171.8300018310547,38.4
2026-09-17,PG,147.4499969482422,38.3
2026-09-17,HEBA-B.ST,24.600000381469727,38.3
2026-09-17,ARP.ST,16.011999130249023,38.3
2026-09-17,ALTRA.ST,76.5,38.2
2026-09-17,SYK,282.1099853515625,38.2
2026-09-17,NIVI-B.ST,37.75,38.2
2026-09-17,DVYSR.ST,54.79999923706055,38.1
2026-09-17,TANGEN-B.ST,86.3499984741211,38.1
2026-09-17,APTV,43.935001373291016,38.0
2026-09-17,VLTO,95.31999969482422,38.0
2026-09-17,BALD-B.ST,50.52000045776367,38.0
2026-09-17,LMT,533.14501953125,37.9
2026-09-17,MEDIO.ST,240.0,37.8
2026-09-17,BYGGP.ST,35.20000076293945,37.8
2026-09-17,IDXX,510.6600036621094,37.8
2026-09-17,EOG,145.6199951171875,37.8
2026-09-17,NORB-B.ST,10.649999618530273,37.8
2026-09-17,GENI.ST,40.0,37.7
2026-09-17,APH,78.0199966430664,37.7
2026-09-17,JNJ,269.44500732421875,37.7
2026-09-17,EPEN.ST,150.1999969482422,37.6
2026-09-17,XYL,107.6500015258789,37.6
2026-09-17,PM,189.7899932861328,37.5
2026-09-17,CNCJO-B.ST,48.099998474121094,37.5
2026-09-17,LUV,40.380001068115234,37.4
2026-09-17,AMAT,418.04998779296875,37.4
2026-09-17,OMC,79.14990234375,37.4
2026-09-17,SYNSAM.ST,53.5,37.3
2026-09-17,IVZ,30.524999618530273,37.3
2026-09-17,PRU,118.47000122070312,37.3
2026-09-17,CLA-B.ST,53.650001525878906,37.3
2026-09-17,ATRLJ-B.ST,25.049999237060547,37.2
2026-09-17,UAL,107.72000122070312,37.2
2026-09-17,KMI,31.405000686645508,37.2
2026-09-17,NXPI,226.22500610351562,37.2
2026-09-17,MCAP.ST,530.0,37.1
2026-09-17,LUND-B.ST,589.0,37.1
2026-09-17,MKC,50.09000015258789,37.1
2026-09-17,ASSA-B.ST,346.1000061035156,37.1
2026-09-17,HTRO.ST,37.470001220703125,37.1
2026-09-17,IBT-B.ST,64.0999984741211,37.1
2026-09-17,OTIS,68.8499984741211,37.1
2026-09-17,VOLV-B.ST,337.79998779296875,37.0
2026-09-17,MSCI,552.280029296875,37.0
2026-09-17,ARES,126.12999725341797,37.0
2026-09-17,INDU-C.ST,538.7999877929688,37.0
2026-09-17,THULE.ST,200.60000610351562,37.0
2026-09-17,AZO,2837.60009765625,36.9
2026-09-17,HII,276.29998779296875,36.8
2026-09-17,EW,88.36000061035156,36.8
2026-09-17,CAT-B.ST,18.219999313354492,36.7
2026-09-17,VICO.ST,10.319999694824219,36.7
2026-09-17,EPI-B.ST,216.1999969482422,36.7
2026-09-17,INDU-A.ST,544.5,36.6
2026-09-17,UPS,100.625,36.6
2026-09-17,DIS,105.83999633789062,36.6
2026-09-17,FANG,196.35000610351562,36.6
2026-09-17,AOS,57.119998931884766,36.6
2026-09-17,SHB-B.ST,242.1999969482422,36.6
2026-09-17,ALFA.ST,556.0,36.6
2026-09-17,SBAC,181.80999755859375,36.5
2026-09-17,TEL2-B.ST,173.25,36.5
2026-09-17,CAMX.ST,586.5,36.5
2026-09-17,ORES.ST,146.60000610351562,36.5
2026-09-17,JM.ST,124.69999694824219,36.4
2026-09-17,UBER,70.875,36.4
2026-09-17,BMY,63.01499938964844,36.4
2026-09-17,DLTR,113.83000183105469,36.3
2026-09-17,WFC,86.91500091552734,36.3
2026-09-17,CDNS,279.260009765625,36.3
2026-09-17,Q,117.21499633789062,36.3
2026-09-17,PFE,27.684999465942383,36.3
2026-09-17,KO,88.12000274658203,36.3
2026-09-17,ATCO-A.ST,199.14999389648438,36.3
2026-09-17,BXP,64.1500015258789,36.3
2026-09-17,DONE.ST,6.940000057220459,36.2
2026-09-17,MCO,464.0899963378906,36.2
2026-09-17,WELL,232.7050018310547,36.2
2026-09-17,ABB.ST,948.4000244140625,36.2
2026-09-17,AAC.ST,109.0,36.1
2026-09-17,SAND.ST,373.1000061035156,36.1
2026-09-17,SIBEK.ST,54.400001525878906,36.0
2026-09-17,ROKO-B.ST,1858.0,36.0
2026-09-17,AFL,116.69999694824219,35.9
2026-09-17,AZA.ST,390.1000061035156,35.9
2026-09-17,DRI,206.8300018310547,35.9
2026-09-17,BONAV-B.ST,9.210000038146973,35.9
2026-09-17,CARE.ST,27.700000762939453,35.8
2026-09-17,CI,278.70001220703125,35.7
2026-09-17,HUM,385.4100036621094,35.7
2026-09-17,HAS,89.51499938964844,35.7
2026-09-17,BAHN-B.ST,59.70000076293945,35.7
2026-09-17,AMT,176.19000244140625,35.7
2026-09-17,WIHL.ST,76.0,35.7
2026-09-17,ADDT-B.ST,330.0,35.7
2026-09-17,IR,73.58000183105469,35.6
2026-09-17,QSYS.ST,48.900001525878906,35.6
2026-09-17,BOTX.ST,10.84000015258789,35.6
2026-09-17,SYF,74.98500061035156,35.6
2026-09-17,BOKUS.ST,65.5999984741211,35.6
2026-09-17,LIFCO-B.ST,306.79998779296875,35.5
2026-09-17,CDON.ST,43.900001525878906,35.5
2026-09-17,HWM,226.18499755859375,35.5
2026-09-17,EXE,88.73500061035156,35.4
2026-09-17,CINF,170.4149932861328,35.4
2026-09-17,BOOZT.ST,143.60000610351562,35.4
2026-09-17,WRB,70.23999786376953,35.4
2026-09-17,BESQAB.ST,27.5,35.4
2026-09-17,IBKR,88.57140350341797,35.4
2026-09-17,PWR,617.969970703125,35.3
2026-09-17,WMT,106.54499816894531,35.3
2026-09-17,FAST,49.03499984741211,35.3
2026-09-17,AWK,138.05999755859375,35.3
2026-09-17,TXT,81.26000213623047,35.2
2026-09-17,RATO-A.ST,37.5,35.1
2026-09-17,DOC,20.565000534057617,35.1
2026-09-17,MPWR,1166.72998046875,35.1
2026-09-17,APO,127.39990234375,35.0
2026-09-17,SCHW,104.86499786376953,35.0
2026-09-17,BONAV-A.ST,8.949999809265137,34.9
2026-09-17,GL,173.2100067138672,34.9
2026-09-17,JCI,141.27999877929688,34.9
2026-09-17,BF-B,26.655000686645508,34.9
2026-09-17,SAMPO-SEK.ST,106.9000015258789,34.9
2026-09-17,EQT.ST,304.0,34.8
2026-09-17,DLR,184.05999755859375,34.8
2026-09-17,BALL,61.11000061035156,34.7
2026-09-17,CMCSA,23.104999542236328,34.7
2026-09-17,REJL-B.ST,150.0,34.7
2026-09-17,ALGN,151.5,34.7
2026-09-17,AES,14.869999885559082,34.7
2026-09-17,ACGL,96.4800033569336,34.7
2026-09-17,DECK,79.88999938964844,34.7
2026-09-17,HUSQ-A.ST,36.54999923706055,34.7
2026-09-17,FPAR-D.ST,71.30000305175781,34.7
2026-09-17,COF,203.39999389648438,34.6
2026-09-17,UNP,282.4100036621094,34.5
2026-09-17,AON,297.5400085449219,34.4
2026-09-17,TKO,188.85000610351562,34.4
2026-09-17,AIG,75.50499725341797,34.4
2026-09-17,ECL,274.57000732421875,34.4
2026-09-17,BEIA-B.ST,296.5,34.4
2026-09-17,AVGO,348.0450134277344,34.4
2026-09-17,EAST.ST,44.900001525878906,34.3
2026-09-17,SOBI.ST,445.79998779296875,34.3
2026-09-17,CSCO,110.17500305175781,34.3
2026-09-17,SINT.ST,104.0,34.2
2026-09-17,EMR,147.52000427246094,34.2
2026-09-17,DAL,79.41000366210938,34.1
2026-09-17,WAB,280.3299865722656,34.1
2026-09-17,CCI,73.81500244140625,34.1
2026-09-17,BRK-B,510.2449951171875,34.1
2026-09-17,ROL,33.119998931884766,34.1
2026-09-17,SCST.ST,148.0,34.0
2026-09-17,ADI,363.2650146484375,34.0
2026-09-17,LINC.ST,71.30000305175781,34.0
2026-09-17,HAL,34.064998626708984,34.0
2026-09-17,INVE-B.ST,406.1499938964844,34.0
2026-09-17,OKE,93.5999984741211,34.0
2026-09-17,URI,1004.9199829101562,33.9
2026-09-17,CCC.ST,11.399999618530273,33.9
2026-09-17,DHI,140.34500122070312,33.9
2026-09-17,PGR,215.59500122070312,33.8
2026-09-17,DURC-B.ST,19.100000381469727,33.8
2026-09-17,CB,340.9599914550781,33.8
2026-09-17,AGROUP.ST,35.29999923706055,33.8
2026-09-17,NCLH,14.454999923706055,33.8
2026-09-17,PUBLI.ST,18.729999542236328,33.8
2026-09-17,ITW,268.06500244140625,33.8
2026-09-17,SVOL-A.ST,97.5,33.7
2026-09-17,BAX,23.165000915527344,33.7
2026-09-17,VRTX,513.280029296875,33.7
2026-09-17,TAGM-B.ST,31.399999618530273,33.6
2026-09-17,SDIP-B.ST,246.60000610351562,33.6
2026-09-17,BERNER-B.ST,70.80000305175781,33.5
2026-09-17,EME,726.2100219726562,33.5
2026-09-17,FDXF,122.7300033569336,33.5
2026-09-17,TRGP,286.4700012207031,33.5
2026-09-17,MRSH,174.49000549316406,33.5
2026-09-17,ATCO-B.ST,172.4499969482422,33.5
2026-09-17,BRIN-B.ST,12.300000190734863,33.4
2026-09-17,PKG,235.14999389648438,33.4
2026-09-17,SWK,88.77999877929688,33.4
2026-09-17,TMUS,167.1999969482422,33.1
2026-09-17,BORG.ST,57.0,33.1
2026-09-17,XYZ,76.90499877929688,33.1
2026-09-17,BKNG,171.30999755859375,33.1
2026-09-17,ALIV-SDB.ST,1149.0,33.0
2026-09-17,ORLY,84.69000244140625,33.0
2026-09-17,VMRK,63.244998931884766,32.8
2026-09-17,BLK,1058.75,32.8
2026-09-17,RSG,219.36000061035156,32.7
2026-09-17,CHD,95.70500183105469,32.7
2026-09-17,HSIC,85.26000213623047,32.6
2026-09-17,MNST,44.53499984741211,32.6
2026-09-17,SHOT.ST,89.0999984741211,32.6
2026-09-17,STT,183.94000244140625,32.6
2026-09-17,TRAC-B.ST,255.0,32.5
2026-09-17,SKIS-B.ST,162.3000030517578,32.5
2026-09-17,HUSQ-B.ST,36.25,32.5
2026-09-17,INVE-A.ST,401.0,32.5
2026-09-17,GRNG.ST,168.89999389648438,32.5
2026-09-17,CORE-D.ST,230.0,32.4
2026-09-17,GEHC,64.88500213623047,32.4
2026-09-17,LVS,41.130001068115234,32.4
2026-09-17,LOGI-B.ST,13.0,32.4
2026-09-17,TRIAN-B.ST,17.25,32.4
2026-09-17,SOLNA.ST,117.5,32.3
2026-09-17,SAFETY-B.ST,17.81999969482422,32.3
2026-09-17,RVRC.ST,51.349998474121094,32.3
2026-09-17,WMB,72.08999633789062,32.2
2026-09-17,NTRS,177.41000366210938,32.2
2026-09-17,SOF-B.ST,22.200000762939453,32.2
2026-09-17,TSN,52.38999938964844,32.2
2026-09-17,LLY,1146.030029296875,32.1
2026-09-17,MEKO.ST,72.1500015258789,32.0
2026-09-17,IMMU.ST,6.340000152587891,32.0
2026-09-17,PHM,118.41000366210938,31.9
2026-09-17,AJA-B.ST,52.0,31.9
2026-09-17,MMM,164.97999572753906,31.9
2026-09-17,PREV-B.ST,57.70000076293945,31.8
2026-09-17,AME,233.4499969482422,31.8
2026-09-17,SYY,79.41999816894531,31.7
2026-09-17,MCHP,70.6500015258789,31.7
2026-09-17,AMCR,42.540000915527344,31.7
2026-09-17,CCEP,100.87000274658203,31.7
2026-09-17,FOI-B.ST,299.5,31.7
2026-09-17,CAH,227.52000427246094,31.6
2026-09-17,ESSITY-A.ST,264.0,31.6
2026-09-17,CSX,48.119998931884766,31.6
2026-09-17,MTRS.ST,136.8000030517578,31.5
2026-09-17,ASML,1626.4100341796875,31.5
2026-09-17,KAPIAB.ST,205.0,31.4
2026-09-17,CLAV.ST,4.26800012588501,31.3
2026-09-17,GOTL-A.ST,258.0,31.3
2026-09-17,TXN,259.5,31.3
2026-09-17,EXR,138.63999938964844,31.2
2026-09-17,IDUN-B.ST,312.0,31.2
2026-09-17,SRE,82.45999908447266,31.2
2026-09-17,SIVI.ST,115.5999984741211,31.1
2026-09-17,WTW-A.ST,31.0,31.1
2026-09-17,CAT,796.1950073242188,31.1
2026-09-17,JPM,349.9700012207031,31.0
2026-09-17,BEN,33.244998931884766,30.9
2026-09-17,KVUE,17.899900436401367,30.9
2026-09-17,LAGR-B.ST,218.60000610351562,30.9
2026-09-17,MSON-A.ST,15.899999618530273,30.9
2026-09-17,LYV,168.4199981689453,30.8
2026-09-17,MDLZ,62.13999938964844,30.8
2026-09-17,TPR,118.2249984741211,30.8
2026-09-17,WBD,28.184999465942383,30.8
2026-09-17,VZ,48.5099983215332,30.7
2026-09-17,ALCA.ST,30.399999618530273,30.6
2026-09-17,ESS,271.135009765625,30.6
2026-09-17,SGG.ST,41.5,30.6
2026-09-17,JOMA.ST,57.0,30.5
2026-09-17,NSC,319.489990234375,30.5
2026-09-17,HIG,133.78500366210938,30.5
2026-09-17,INTEA-D.ST,31.799999237060547,30.4
2026-09-17,AAK.ST,197.1999969482422,30.4
2026-09-17,SAGA-D.ST,33.400001525878906,30.4
2026-09-17,DNBO.ST,315.1000061035156,30.3
2026-09-17,VTR,88.05999755859375,30.3
2026-09-17,CL,87.41999816894531,30.3
2026-09-17,STE,209.27999877929688,30.3
2026-09-17,GD,354.6600036621094,30.2
2026-09-17,HON,205.5500030517578,30.2
2026-09-17,IEX,222.38999938964844,30.2
2026-09-17,DD,129.32000732421875,30.1
2026-09-17,SAVE.ST,340.6000061035156,30.1
2026-09-17,LHX,248.99000549316406,30.1
2026-09-17,INTEA-B.ST,71.5999984741211,30.0
2026-09-17,JBL,298.17999267578125,30.0
2026-09-17,GWW,1264.6199951171875,29.9
2026-09-17,EVRG,80.95500183105469,29.9
2026-09-17,ARION-SDB.ST,14.640000343322754,29.9
2026-09-17,YUM,136.9499969482422,29.9
2026-09-17,SHW,321.010009765625,29.7
2026-09-17,ESSITY-B.ST,264.29998779296875,29.7
2026-09-17,RAIL.ST,30.0,29.7
2026-09-17,ES,68.55000305175781,29.6
2026-09-17,SVED-B.ST,57.29999923706055,29.5
2026-09-17,L,108.40010070800781,29.5
2026-09-17,HSY,169.78500366210938,29.4
2026-09-17,TDY,602.8200073242188,29.4
2026-09-17,ED,106.54000091552734,29.4
2026-09-17,CLX,85.08499908447266,29.4
2026-09-17,WALL-B.ST,38.2599983215332,29.4
2026-09-17,PSA,298.9750061035156,29.3
2026-09-17,ACAST.ST,34.25,29.3
2026-09-17,PNR,56.03499984741211,29.3
2026-09-17,USB,60.26499938964844,29.3
2026-09-17,MAS,67.9800033569336,29.2
2026-09-17,PLD,134.99000549316406,29.2
2026-09-17,ADTR.ST,39.70000076293945,29.2
2026-09-17,NEE,81.06999969482422,29.1
2026-09-17,PH,923.8900146484375,29.1
2026-09-17,KMB,98.24500274658203,29.0
2026-09-17,BNY,153.5,29.0
2026-09-17,IRM,114.08999633789062,28.9
2026-09-17,FTV,55.20000076293945,28.9
2026-09-17,CIBUS.ST,138.4499969482422,28.9
2026-09-17,CRAD-B.ST,35.29999923706055,28.9
2026-09-17,EQIX,1025.0,28.9
2026-09-17,FITB,52.974998474121094,28.9
2026-09-17,CRH,86.55999755859375,28.9
2026-09-17,EQT,50.400001525878906,28.9
2026-09-17,HD,303.0,28.8
2026-09-17,BKR,56.744998931884766,28.8
2026-09-17,PNDX-B.ST,167.39999389648438,28.8
2026-09-17,FDX,307.75,28.8
2026-09-17,TTWO,210.36000061035156,28.8
2026-09-17,UNH,378.4800109863281,28.8
2026-09-17,HRL,20.825000762939453,28.7
2026-09-17,CFG,67.46499633789062,28.6
2026-09-17,CAST.ST,126.9000015258789,28.6
2026-09-17,SLP-B.ST,34.45000076293945,28.6
2026-09-17,HUFV-A.ST,116.30000305175781,28.5
2026-09-17,HUBB,444.6700134277344,28.5
2026-09-17,ATO,162.47000122070312,28.5
2026-09-17,APD,285.79998779296875,28.4
2026-09-17,CCL,22.225000381469727,28.4
2026-09-17,HM-B.ST,164.3000030517578,28.3
2026-09-17,PPG,105.7249984741211,28.3
2026-09-17,MCD,249.28500366210938,28.2
2026-09-17,ALLIGO-B.ST,131.39999389648438,28.2
2026-09-17,GS,953.4500122070312,28.1
2026-09-17,WSM,219.6199951171875,28.1
2026-09-17,PCAR,117.80000305175781,28.0
2026-09-17,PLAZ-B.ST,69.0999984741211,27.9
2026-09-17,AEP,121.42500305175781,27.9
2026-09-17,VMC,244.11000061035156,27.9
2026-09-17,CNP,38.54499816894531,27.8
2026-09-17,D,64.05000305175781,27.7
2026-09-17,XEL,73.56500244140625,27.7
2026-09-17,ODFL,175.8800048828125,27.7
2026-09-17,TFC,48.45500183105469,27.7
2026-09-17,STZ,123.25039672851562,27.7
2026-09-17,CARR,54.380001068115234,27.7
2026-09-17,WEC,104.26499938964844,27.6
2026-09-17,COST,892.0700073242188,27.5
2026-09-17,DIOS.ST,63.0,27.4
2026-09-17,RTX,193.3000030517578,27.4
2026-09-17,PEP,133.88999938964844,27.4
2026-09-17,RJF,163.42999267578125,27.4
2026-09-17,W5.ST,31.450000762939453,27.4
2026-09-17,FE,45.599998474121094,27.3
2026-09-17,SNA,372.8900146484375,27.3
2026-09-17,GOTL-B.ST,256.0,27.2
2026-09-17,FERG,214.1649932861328,27.2
2026-09-17,AXP,312.9800109863281,27.0
2026-09-17,LOW,194.0699005126953,27.0
2026-09-17,STEF-B.ST,167.0,27.0
2026-09-17,MLM,494.05999755859375,26.9
2026-09-17,BA,198.2310028076172,26.9
2026-09-17,WYNN,84.49009704589844,26.7
2026-09-17,SPG,205.3300018310547,26.7
2026-09-17,NP3.ST,242.0,26.7
2026-09-17,XVIVO.ST,245.0,26.7
2026-09-17,AEE,103.48639678955078,26.6
2026-09-17,FNOVA-B.ST,23.100000381469727,26.6
2026-09-17,GE,315.212890625,26.6
2026-09-17,DUK,117.98999786376953,26.5
2026-09-17,ROK,410.1000061035156,26.5
2026-09-17,SBUX,97.2698974609375,26.4
2026-09-17,PPL,33.540000915527344,26.4
2026-09-17,CPT,101.07499694824219,26.3
2026-09-17,RF,28.584999084472656,26.3
2026-09-17,BONAS.ST,145.0,26.3
2026-09-17,SFAST.ST,11.819999694824219,26.3
2026-09-17,WM,212.4700927734375,26.2
2026-09-17,C,133.02000427246094,26.1
2026-09-17,LNT,66.6050033569336,26.1
2026-09-17,FER,54.66999816894531,26.0
2026-09-17,HBAN,15.835000038146973,26.0
2026-09-17,BIOG-B.ST,108.0999984741211,26.0
2026-09-17,FABG.ST,69.6500015258789,26.0
2026-09-17,HST,21.969999313354492,25.9
2026-09-17,RL,335.9599914550781,25.7
2026-09-17,CATE.ST,366.6000061035156,25.7
2026-09-17,DOV,189.77999877929688,25.6
2026-09-17,NI,40.85499954223633,25.6
2026-09-17,MAR,333.6400146484375,25.5
2026-09-17,MS,204.13999938964844,25.3
2026-09-17,HAKI-A.ST,22.200000762939453,25.2
2026-09-17,CVS,91.26499938964844,25.0
2026-09-17,CMI,524.0800170898438,25.0
2026-09-17,REG,73.21499633789062,24.9
2026-09-17,ATIC.ST,25.850000381469727,24.8
2026-09-17,MTB,226.2100067138672,24.8
2026-09-17,KEY,20.93000030517578,24.8
2026-09-17,BAC,58.224998474121094,24.8
2026-09-17,EXC,42.505001068115234,24.7
2026-09-17,LIN,457.25,24.7
2026-09-17,LII,358.3900146484375,24.7
2026-09-17,CHEF.ST,114.0,24.6
2026-09-17,RCL,251.08999633789062,24.6
2026-09-17,DTE,130.47000122070312,24.6
2026-09-17,VICI,24.135000228881836,24.5
2026-09-17,TDG,1080.9300537109375,24.5
2026-09-17,TROW,102.9000015258789,24.4
2026-09-17,PNC,232.32000732421875,24.3
2026-09-17,ETR,103.16999816894531,24.2
2026-09-17,MSON-B.ST,10.5,24.1
2026-09-17,PNW,95.58000183105469,23.8
2026-09-17,SO,86.43000030517578,23.7
2026-09-17,FRT,112.37000274658203,23.6
2026-09-17,KIM,22.614999771118164,23.4
2026-09-17,TT,421.2799987792969,23.3
2026-09-17,QLIRO.ST,17.0,23.1
2026-09-17,WY,21.739999771118164,23.0
2026-09-17,HLT,303.739990234375,23.0
2026-09-17,CMS,66.13500213623047,23.0
2026-09-17,PEG,70.92500305175781,22.9
2026-09-17,CAG.ST,90.4000015258789,22.7
2026-09-17,UDR,34.310001373291016,22.6
2026-09-17,MGM,38.630001068115234,22.0
2026-09-17,TJX,125.72000122070312,21.7
2026-09-17,INVH,27.184999465942383,21.5
2026-09-17,MAA,121.2699966430664,21.3
2026-09-17,O,57.1150016784668,20.9
2026-09-17,HEIM-PREF.ST,20.200000762939453,20.7
2026-09-17,EMIL-B.ST,46.25,20.7
